$version Generated by Wokwi.com $end
$date Sun, 24 May 2026 14:40:08 GMT $end
$timescale 1ns $end
$scope module logic $end
$var wire 1 ! D0 $end
$upscope $end
$enddefinitions $end
#0
#33404504
1!
#33508508
0!
#33612512
1!
#33716516
0!
#33820520
1!
#33924524
0!
#34028528
1!
#34132532
0!
#34236536
1!
#34341000
0!
#34445004
1!
#34549008
0!
#34653012
1!
#34757016
0!
#34861020
1!
#34965024
0!
#35069028
1!
#35173032
0!
#35277036
1!
#35381500
0!
#35485504
1!
#35589508
0!
#35693512
1!
#35797516
0!
#35901520
1!
#36005524
0!
#36109528
1!
#36213532
0!
#36317536
1!
#36422000
0!
#36526004
1!
#36630008
0!
#36734012
1!
#36838016
0!
#36942020
1!
#37046024
0!
#37150028
1!
#37254032
0!
#37358036
1!
#37462500
0!
#37566504
1!
#37670508
0!
#37774512
1!
#37878516
0!
#37982520
1!
#38086524
0!
#38190528
1!
#38294532
0!
#38398536
1!
#38503000
0!
#38607004
1!
#38711008
0!
#38815012
1!
#38919016
0!
#39023020
1!
#39127024
0!
#39231028
1!
#39335032
0!
#39439036
1!
#39543500
0!
#39647504
1!
#39751508
0!
#39855512
1!
#39959516
0!
#40063520
1!
#40167524
0!
#40271528
1!
#40375532
0!
#40479536
1!
#40584000
0!
#40688004
1!
#40792008
0!
#40896012
1!
#41000016
0!
#41104020
1!
#41208024
0!
#41312028
1!
#41416032
0!
#41520036
1!
#41624500
0!
#41728504
1!
#41832508
0!
#41936512
1!
#42040516
0!
#42144520
1!
#42248524
0!
#42352528
1!
#42456532
0!
#42560536
1!
#42665000
0!
#42769004
1!
#42873008
0!
#42977012
1!
#43081016
0!
#43185020
1!
#43289024
0!
#43393028
1!
#43497032
0!
#43601036
1!
#43705500
0!
#43809504
1!
#43913508
0!
#44017512
1!
#44121516
0!
#44225520
1!
#44329524
0!
#44433528
1!
#44537532
0!
#44641536
1!
#44746000
0!
#44850004
1!
#44954008
0!
#45058012
1!
#45162016
0!
#45266020
1!
#45370024
0!
#45474028
1!
#45578032
0!
#45682036
1!
#45786500
0!
#45890504
1!
#45994508
0!
#46098512
1!
#46202516
0!
#46306520
1!
#46410524
0!
#46514528
1!
#46618532
0!
#46722536
1!
#46827000
0!
#46931004
1!
#47035008
0!
#47139012
1!
#47243016
0!
#47347020
1!
#47451024
0!
#47555028
1!
#47659032
0!
#47763036
1!
#47867500
0!
#47971504
1!
#48075508
0!
#48179512
1!
#48283516
0!
#48387520
1!
#48491524
0!
#48595528
1!
#48699532
0!
#48803536
1!
#48908000
0!
#49012004
1!
#49116008
0!
#49220012
1!
#49324016
0!
#49428020
1!
#49532024
0!
#49636028
1!
#49740032
0!
#49844036
1!
#49948500
0!
#50052504
1!
#50156508
0!
#50260512
1!
#50364516
0!
#50468520
1!
#50572524
0!
#50676528
1!
#50780532
0!
#50884536
1!
#50989000
0!
#51093004
1!
#51197008
0!
#51301012
1!
#51405016
0!
#51509020
1!
#51613024
0!
#51717028
1!
#51821032
0!
#51925036
1!
#52029500
0!
#52133504
1!
#52237508
0!
#52341512
1!
#52445516
0!
#52549520
1!
#52653524
0!
#52757528
1!
#52861532
0!
#52965536
1!
#53070000
0!
#53174004
1!
#53278008
0!
#53382012
1!
#53486016
0!
#53590020
1!
#53694024
0!
#53798028
1!
#53902032
0!
#54006036
1!
#54110500
0!
#54214504
1!
#54318508
0!
#54422512
1!
#54526516
0!
#54630520
1!
#54734524
0!
#54838528
1!
#54942532
0!
#55046536
1!
#55151000
0!
#55255004
1!
#55359008
0!
#55463012
1!
#55567016
0!
#55671020
1!
#55775024
0!
#55879028
1!
#55983032
0!
#56087036
1!
#56191500
0!
#56295504
1!
#56399508
0!
#56503512
1!
#56607516
0!
#56711520
1!
#56815524
0!
#56919528
1!
#57023532
0!
#57127536
1!
#57232000
0!
#57336004
1!
#57440008
0!
#57544012
1!
#57648016
0!
#57752020
1!
#57856024
0!
#57960028
1!
#58064032
0!
#58168036
1!
#58272500
0!
#58376504
1!
#58480508
0!
#58584512
1!
#58688516
0!
#58792520
1!
#58896524
0!
#59000528
1!
#59104532
0!
#59208536
1!
#59313000
0!
#59417004
1!
#59521008
0!
#59625012
1!
#59729016
0!
#59833020
1!
#59937024
0!
#60041028
1!
#60145032
0!
#60249036
1!
#60353500
0!
#60457504
1!
#60561508
0!
#60665512
1!
#60769516
0!
#60873520
1!
#60977524
0!
#61081528
1!
#61185532
0!
#61289536
1!
#61394000
0!
#61498004
1!
#61602008
0!
#61706012
1!
#61810016
0!
#61914020
1!
#62018024
0!
#62122028
1!
#62226032
0!
#62330036
1!
#62434500
0!
#62538503
1!
#62642508
0!
#62746512
1!
#62850516
0!
#62954520
1!
#63058524
0!
#63162528
1!
#63266532
0!
#63370536
1!
#63475000
0!
#63579003
1!
#63683008
0!
#63787012
1!
#63891016
0!
#63995020
1!
#64099024
0!
#64203028
1!
#64307032
0!
#64411036
1!
#64515500
0!
#64619503
1!
#64723508
0!
#64827512
1!
#64931516
0!
#65035520
1!
#65139524
0!
#65243528
1!
#65347532
0!
#65451536
1!
#65556000
0!
#65660003
1!
#65764008
0!
#65868012
1!
#65972016
0!
#66076020
1!
#66180024
0!
#66284028
1!
#66388032
0!
#66492036
1!
#66596500
0!
#66700504
1!
#66804508
0!
#66908512
1!
#67012516
0!
#67116520
1!
#67220524
0!
#67324528
1!
#67428532
0!
#67532536
1!
#67637000
0!
#67741004
1!
#67845008
0!
#67949012
1!
#68053016
0!
#68157020
1!
#68261024
0!
#68365028
1!
#68469032
0!
#68573036
1!
#68677500
0!
#68781504
1!
#68885508
0!
#68989512
1!
#69093516
0!
#69197520
1!
#69301524
0!
#69405528
1!
#69509532
0!
#69613536
1!
#69718000
0!
#69822004
1!
#69926008
0!
#70030012
1!
#70134016
0!
#70238020
1!
#70342024
0!
#70446028
1!
#70550032
0!
#70654036
1!
#70758500
0!
#70862504
1!
#70966508
0!
#71070512
1!
#71174516
0!
#71278520
1!
#71382524
0!
#71486528
1!
#71590532
0!
#71694536
1!
#71799000
0!
#71903004
1!
#72007008
0!
#72111012
1!
#72215016
0!
#72319020
1!
#72423024
0!
#72527028
1!
#72631032
0!
#72735036
1!
#72839500
0!
#72943504
1!
#73047508
0!
#73151512
1!
#73255516
0!
#73359520
1!
#73463524
0!
#73567528
1!
#73671532
0!
#73775536
1!
#73880000
0!
#73984004
1!
#74088008
0!
#74192012
1!
#74296016
0!
#74400020
1!
#74504024
0!
#74608028
1!
#74712032
0!
#74816036
1!
#74920500
0!
#75024504
1!
#75128508
0!
#75232512
1!
#75336516
0!
#75440520
1!
#75544524
0!
#75648528
1!
#75752532
0!
#75856536
1!
#75961000
0!
#76065004
1!
#76169008
0!
#76273012
1!
#76377016
0!
#76481020
1!
#76585024
0!
#76689028
1!
#76793032
0!
#76897036
1!
#77001500
0!
#77105504
1!
#77209508
0!
#77313512
1!
#77417516
0!
#77521520
1!
#77625524
0!
#77729528
1!
#77833532
0!
#77937536
1!
#78042000
0!
#78146004
1!
#78250008
0!
#78354012
1!
#78458016
0!
#78562020
1!
#78666024
0!
#78770028
1!
#78874032
0!
#78978036
1!
#79082500
0!
#79186504
1!
#79290508
0!
#79394512
1!
#79498516
0!
#79602520
1!
#79706524
0!
#79810528
1!
#79914532
0!
#80018536
1!
#80123000
0!
#80227004
1!
#80331008
0!
#80435012
1!
#80539016
0!
#80643020
1!
#80747024
0!
#80851028
1!
#80955032
0!
#81059036
1!
#81163500
0!
#81267504
1!
#81371508
0!
#81475512
1!
#81579516
0!
#81683520
1!
#81787524
0!
#81891528
1!
#81995532
0!
#82099536
1!
#82204000
0!
#82308004
1!
#82412008
0!
#82516012
1!
#82620016
0!
#82724020
1!
#82828024
0!
#82932028
1!
#83036032
0!
#83140036
1!
#83244500
0!
#83348504
1!
#83452508
0!
#83556512
1!
#83660516
0!
#83764520
1!
#83868524
0!
#83972528
1!
#84076532
0!
#84180536
1!
#84285000
0!
#84389004
1!
#84493008
0!
#84597012
1!
#84701016
0!
#84805020
1!
#84909024
0!
#85013028
1!
#85117032
0!
#85221036
1!
#85325500
0!
#85429504
1!
#85533508
0!
#85637512
1!
#85741516
0!
#85845520
1!
#85949524
0!
#86053528
1!
#86157532
0!
#86261536
1!
#86366000
0!
#86470004
1!
#86574008
0!
#86678012
1!
#86782016
0!
#86886020
1!
#86990024
0!
#87094028
1!
#87198032
0!
#87302036
1!
#87406500
0!
#87510504
1!
#87614508
0!
#87718512
1!
#87822516
0!
#87926520
1!
#88030524
0!
#88134528
1!
#88238532
0!
#88342536
1!
#88447000
0!
#88551004
1!
#88655008
0!
#88759012
1!
#88863016
0!
#88967020
1!
#89071024
0!
#89175028
1!
#89279032
0!
#89383036
1!
#89487500
0!
#89591504
1!
#89695508
0!
#89799512
1!
#89903516
0!
#90007520
1!
#90111524
0!
#90215528
1!
#90319532
0!
#90423536
1!
#90528000
0!
#90632004
1!
#90736008
0!
#90840012
1!
#90944016
0!
#91048020
1!
#91152024
0!
#91256028
1!
#91360032
0!
#91464036
1!
#91568500
0!
#91672504
1!
#91776508
0!
#91880512
1!
#91984516
0!
#92088520
1!
#92192524
0!
#92296528
1!
#92400532
0!
#92504536
1!
#92609000
0!
#92713004
1!
#92817008
0!
#92921012
1!
#93025016
0!
#93129020
1!
#93233024
0!
#93337028
1!
#93441032
0!
#93545036
1!
#93649500
0!
#93753504
1!
#93857508
0!
#93961512
1!
#94065516
0!
#94169520
1!
#94273524
0!
#94377528
1!
#94481532
0!
#94585536
1!
#94690000
0!
#94794004
1!
#94898008
0!
#95002012
1!
#95106016
0!
#95210020
1!
#95314024
0!
#95418028
1!
#95522032
0!
#95626036
1!
#95730500
0!
#95834504
1!
#95938508
0!
#96042512
1!
#96146516
0!
#96250520
1!
#96354524
0!
#96458528
1!
#96562532
0!
#96666536
1!
#96771000
0!
#96875004
1!
#96979008
0!
#97083012
1!
#97187016
0!
#97291020
1!
#97395024
0!
#97499028
1!
#97603032
0!
#97707036
1!
#97811500
0!
#97915504
1!
#98019508
0!
#98123512
1!
#98227516
0!
#98331520
1!
#98435524
0!
#98539528
1!
#98643532
0!
#98747536
1!
#98852000
0!
#98956004
1!
#99060008
0!
#99164012
1!
#99268016
0!
#99372020
1!
#99476024
0!
#99580028
1!
#99684032
0!
#99788036
1!
#99892500
0!
#99996504
1!
#100100508
0!
#100204512
1!
#100308516
0!
#100412520
1!
#100516524
0!
#100620528
1!
#100724532
0!
#100828536
1!
#100933000
0!
#101037004
1!
#101141008
0!
#101245012
1!
#101349016
0!
#101453020
1!
#101557024
0!
#101661028
1!
#101765032
0!
#101869036
1!
#101973500
0!
#102077504
1!
#102181508
0!
#102285512
1!
#102389516
0!
#102493520
1!
#102597524
0!
#102701528
1!
#102805532
0!
#102909536
1!
#103014000
0!
#103118004
1!
#103222008
0!
#103326012
1!
#103430016
0!
#103534020
1!
#103638024
0!
#103742028
1!
#103846032
0!
#103950036
1!
#104054500
0!
#104158504
1!
#104262508
0!
#104366512
1!
#104470516
0!
#104574520
1!
#104678524
0!
#104782528
1!
#104886532
0!
#104990536
1!
#105095000
0!
#105199004
1!
#105303008
0!
#105407012
1!
#105511016
0!
#105615020
1!
#105719024
0!
#105823028
1!
#105927032
0!
#106031036
1!
#106135500
0!
#106239504
1!
#106343508
0!
#106447512
1!
#106551516
0!
#106655520
1!
#106759524
0!
#106863528
1!
#106967532
0!
#107071536
1!
#107176000
0!
#107280004
1!
#107384008
0!
#107488012
1!
#107592016
0!
#107696020
1!
#107800024
0!
#107904028
1!
#108008032
0!
#108112036
1!
#108216500
0!
#108320504
1!
#108424508
0!
#108528512
1!
#108632516
0!
#108736520
1!
#108840524
0!
#108944528
1!
#109048532
0!
#109152536
1!
#109257000
0!
#109361004
1!
#109465008
0!
#109569012
1!
#109673016
0!
#109777020
1!
#109881024
0!
#109985028
1!
#110089032
0!
#110193036
1!
#110297500
0!
#110401504
1!
#110505508
0!
#110609512
1!
#110713516
0!
#110817520
1!
#110921524
0!
#111025528
1!
#111129532
0!
#111233536
1!
#111338000
0!
#111442004
1!
#111546008
0!
#111650012
1!
#111754016
0!
#111858020
1!
#111962024
0!
#112066028
1!
#112170032
0!
#112274036
1!
#112378500
0!
#112482504
1!
#112586508
0!
#112690512
1!
#112794516
0!
#112898520
1!
#113002524
0!
#113106528
1!
#113210532
0!
#113314536
1!
#113419000
0!
#113523004
1!
#113627008
0!
#113731012
1!
#113835016
0!
#113939020
1!
#114043024
0!
#114147028
1!
#114251032
0!
#114355036
1!
#114459500
0!
#114563504
1!
#114667508
0!
#114771512
1!
#114875516
0!
#114979520
1!
#115083524
0!
#115187528
1!
#115291532
0!
#115395536
1!
#115500000
0!
#115604004
1!
#115708008
0!
#115812012
1!
#115916016
0!
#116020020
1!
#116124024
0!
#116228028
1!
#116332032
0!
#116436036
1!
#116540500
0!
#116644504
1!
#116748508
0!
#116852512
1!
#116956516
0!
#117060520
1!
#117164524
0!
#117268528
1!
#117372532
0!
#117476536
1!
#117581000
0!
#117685004
1!
#117789008
0!
#117893012
1!
#117997016
0!
#118101020
1!
#118205024
0!
#118309028
1!
#118413032
0!
#118517036
1!
#118621500
0!
#118725504
1!
#118829508
0!
#118933512
1!
#119037516
0!
#119141520
1!
#119245524
0!
#119349528
1!
#119453532
0!
#119557536
1!
#119662000
0!
#119766004
1!
#119870008
0!
#119974012
1!
#120078016
0!
#120182020
1!
#120286024
0!
#120390028
1!
#120494032
0!
#120598036
1!
#120702500
0!
#120806504
1!
#120910508
0!
#121014512
1!
#121118516
0!
#121222520
1!
#121326524
0!
#121430528
1!
#121534532
0!
#121638536
1!
#121743000
0!
#121847004
1!
#121951008
0!
#122055012
1!
#122159016
0!
#122263020
1!
#122367024
0!
#122471028
1!
#122575032
0!
#122679036
1!
#122783500
0!
#122887504
1!
#122991508
0!
#123095512
1!
#123199516
0!
#123303520
1!
#123407524
0!
#123511528
1!
#123615532
0!
#123719536
1!
#123824000
0!
#123928004
1!
#124032008
0!
#124136012
1!
#124240016
0!
#124344020
1!
#124448024
0!
#124552028
1!
#124656032
0!
#124760036
1!
#124864500
0!
#124968504
1!
#125072508
0!
#125176511
1!
#125280516
0!
#125384520
1!
#125488524
0!
#125592528
1!
#125696532
0!
#125800536
1!
#125904999
0!
#126009004
1!
#126113008
0!
#126217011
1!
#126321016
0!
#126425020
1!
#126529024
0!
#126633028
1!
#126737032
0!
#126841036
1!
#126945499
0!
#127049504
1!
#127153508
0!
#127257511
1!
#127361516
0!
#127465520
1!
#127569524
0!
#127673528
1!
#127777532
0!
#127881536
1!
#127985999
0!
#128090004
1!
#128194008
0!
#128298011
1!
#128402016
0!
#128506020
1!
#128610024
0!
#128714028
1!
#128818032
0!
#128922036
1!
#129026499
0!
#129130504
1!
#129234508
0!
#129338511
1!
#129442516
0!
#129546520
1!
#129650524
0!
#129754528
1!
#129858532
0!
#129962536
1!
#130066999
0!
#130171004
1!
#130275008
0!
#130379011
1!
#130483016
0!
#130587020
1!
#130691024
0!
#130795028
1!
#130899032
0!
#131003036
1!
#131107499
0!
#131211503
1!
#131315507
0!
#131419511
1!
#131523515
0!
#131627519
1!
#131731523
0!
#131835527
1!
#131939531
0!
#132043535
1!
#132147999
0!
#132252003
1!
#132356007
0!
#132460011
1!
#132564015
0!
#132668019
1!
#132772023
0!
#132876027
1!
#132980031
0!
#133084035
1!
#133188499
0!
#133292503
1!
#133396507
0!
#133500511
1!
#133604515
0!
#133708519
1!
#133812523
0!
#133916527
1!
#134020531
0!
#134124535
1!
#134229000
0!
#134333003
1!
#134437007
0!
#134541011
1!
#134645015
0!
#134749019
1!
#134853023
0!
#134957027
1!
#135061031
0!
#135165035
1!
#135269500
0!
#135373503
1!
#135477507
0!
#135581511
1!
#135685515
0!
#135789519
1!
#135893523
0!
#135997527
1!
#136101531
0!
#136205535
1!
#136310000
0!
#136414003
1!
#136518007
0!
#136622011
1!
#136726015
0!
#136830019
1!
#136934023
0!
#137038027
1!
#137142031
0!
#137246035
1!
#137350500
0!
#137454503
1!
#137558507
0!
#137662511
1!
#137766515
0!
#137870519
1!
#137974523
0!
#138078527
1!
#138182531
0!
#138286535
1!
#138391000
0!
#138495003
1!
#138599007
0!
#138703011
1!
#138807015
0!
#138911019
1!
#139015023
0!
#139119027
1!
#139223031
0!
#139327035
1!
#139431500
0!
#139535503
1!
#139639507
0!
#139743511
1!
#139847515
0!
#139951519
1!
#140055523
0!
#140159527
1!
#140263531
0!
#140367535
1!
#140472000
0!
#140576003
1!
#140680007
0!
#140784011
1!
#140888015
0!
#140992019
1!
#141096023
0!
#141200027
1!
#141304031
0!
#141408035
1!
#141512500
0!
#141616503
1!
#141720507
0!
#141824511
1!
#141928515
0!
#142032519
1!
#142136523
0!
#142240527
1!
#142344531
0!
#142448535
1!
#142553000
0!
#142657003
1!
#142761007
0!
#142865011
1!
#142969015
0!
#143073019
1!
#143177023
0!
#143281027
1!
#143385031
0!
#143489035
1!
#143593500
0!
#143697503
1!
#143801507
0!
#143905511
1!
#144009515
0!
#144113519
1!
#144217523
0!
#144321527
1!
#144425531
0!
#144529535
1!
#144634000
0!
#144738003
1!
#144842007
0!
#144946011
1!
#145050015
0!
#145154019
1!
#145258023
0!
#145362027
1!
#145466031
0!
#145570035
1!
#145674500
0!
#145778503
1!
#145882507
0!
#145986511
1!
#146090515
0!
#146194519
1!
#146298523
0!
#146402527
1!
#146506531
0!
#146610535
1!
#146715000
0!
#146819003
1!
#146923007
0!
#147027011
1!
#147131015
0!
#147235019
1!
#147339023
0!
#147443027
1!
#147547031
0!
#147651035
1!
#147755500
0!
#147859503
1!
#147963507
0!
#148067511
1!
#148171515
0!
#148275519
1!
#148379523
0!
#148483527
1!
#148587531
0!
#148691535
1!
#148796000
0!
#148900003
1!
#149004007
0!
#149108011
1!
#149212015
0!
#149316019
1!
#149420023
0!
#149524027
1!
#149628031
0!
#149732035
1!
#149836500
0!
#149940503
1!
#150044507
0!
#150148511
1!
#150252515
0!
#150356519
1!
#150460523
0!
#150564527
1!
#150668531
0!
#150772535
1!
#150877000
0!
#150981003
1!
#151085007
0!
#151189011
1!
#151293015
0!
#151397019
1!
#151501023
0!
#151605027
1!
#151709031
0!
#151813035
1!
#151917500
0!
#152021503
1!
#152125507
0!
#152229511
1!
#152333515
0!
#152437519
1!
#152541523
0!
#152645527
1!
#152749531
0!
#152853535
1!
#152958000
0!
#153062003
1!
#153166007
0!
#153270011
1!
#153374015
0!
#153478019
1!
#153582023
0!
#153686027
1!
#153790031
0!
#153894035
1!
#153998500
0!
#154102503
1!
#154206507
0!
#154310511
1!
#154414515
0!
#154518519
1!
#154622523
0!
#154726527
1!
#154830531
0!
#154934535
1!
#155039000
0!
#155143003
1!
#155247007
0!
#155351011
1!
#155455015
0!
#155559019
1!
#155663023
0!
#155767027
1!
#155871031
0!
#155975035
1!
#156079500
0!
#156183503
1!
#156287507
0!
#156391511
1!
#156495515
0!
#156599519
1!
#156703523
0!
#156807527
1!
#156911531
0!
#157015535
1!
#157120000
0!
#157224003
1!
#157328007
0!
#157432011
1!
#157536015
0!
#157640019
1!
#157744023
0!
#157848027
1!
#157952031
0!
#158056035
1!
#158160500
0!
#158264503
1!
#158368507
0!
#158472511
1!
#158576515
0!
#158680519
1!
#158784523
0!
#158888527
1!
#158992531
0!
#159096535
1!
#159201000
0!
#159305004
1!
#159409007
0!
#159513011
1!
#159617015
0!
#159721019
1!
#159825023
0!
#159929027
1!
#160033031
0!
#160137035
1!
#160241500
0!
#160345504
1!
#160449507
0!
#160553511
1!
#160657515
0!
#160761519
1!
#160865523
0!
#160969527
1!
#161073531
0!
#161177535
1!
#161282000
0!
#161386004
1!
#161490007
0!
#161594011
1!
#161698015
0!
#161802019
1!
#161906023
0!
#162010027
1!
#162114031
0!
#162218035
1!
#162322500
0!
#162426504
1!
#162530507
0!
#162634511
1!
#162738515
0!
#162842519
1!
#162946523
0!
#163050527
1!
#163154531
0!
#163258535
1!
#163363000
0!
#163467004
1!
#163571007
0!
#163675011
1!
#163779015
0!
#163883019
1!
#163987023
0!
#164091027
1!
#164195031
0!
#164299035
1!
#164403500
0!
#164507504
1!
#164611507
0!
#164715511
1!
#164819515
0!
#164923519
1!
#165027523
0!
#165131527
1!
#165235531
0!
#165339535
1!
#165444000
0!
#165548004
1!
#165652007
0!
#165756011
1!
#165860015
0!
#165964019
1!
#166068023
0!
#166172027
1!
#166276031
0!
#166380035
1!
#166484500
0!
#166588504
1!
#166692507
0!
#166796511
1!
#166900515
0!
#167004519
1!
#167108523
0!
#167212527
1!
#167316531
0!
#167420535
1!
#167525000
0!
#167629004
1!
#167733007
0!
#167837011
1!
#167941015
0!
#168045019
1!
#168149023
0!
#168253027
1!
#168357031
0!
#168461035
1!
#168565500
0!
#168669504
1!
#168773507
0!
#168877511
1!
#168981515
0!
#169085519
1!
#169189523
0!
#169293527
1!
#169397531
0!
#169501535
1!
#169606000
0!
#169710004
1!
#169814007
0!
#169918011
1!
#170022015
0!
#170126019
1!
#170230023
0!
#170334027
1!
#170438031
0!
#170542035
1!
#170646500
0!
#170750504
1!
#170854507
0!
#170958511
1!
#171062515
0!
#171166519
1!
#171270523
0!
#171374527
1!
#171478531
0!
#171582535
1!
#171687000
0!
#171791004
1!
#171895007
0!
#171999011
1!
#172103015
0!
#172207019
1!
#172311023
0!
#172415027
1!
#172519031
0!
#172623035
1!
#172727500
0!
#172831504
1!
#172935507
0!
#173039511
1!
#173143515
0!
#173247519
1!
#173351523
0!
#173455527
1!
#173559531
0!
#173663535
1!
#173768000
0!
#173872004
1!
#173976007
0!
#174080011
1!
#174184015
0!
#174288019
1!
#174392023
0!
#174496027
1!
#174600031
0!
#174704035
1!
#174808500
0!
#174912504
1!
#175016507
0!
#175120511
1!
#175224515
0!
#175328519
1!
#175432523
0!
#175536527
1!
#175640531
0!
#175744535
1!
#175849000
0!
#175953004
1!
#176057007
0!
#176161011
1!
#176265015
0!
#176369019
1!
#176473023
0!
#176577027
1!
#176681031
0!
#176785035
1!
#176889500
0!
#176993504
1!
#177097507
0!
#177201511
1!
#177305515
0!
#177409519
1!
#177513523
0!
#177617527
1!
#177721531
0!
#177825535
1!
#177930000
0!
#178034004
1!
#178138007
0!
#178242011
1!
#178346015
0!
#178450019
1!
#178554023
0!
#178658027
1!
#178762031
0!
#178866035
1!
#178970500
0!
#179074504
1!
#179178508
0!
#179282511
1!
#179386515
0!
#179490519
1!
#179594523
0!
#179698527
1!
#179802531
0!
#179906535
1!
#180011000
0!
#180115004
1!
#180219008
0!
#180323011
1!
#180427015
0!
#180531019
1!
#180635023
0!
#180739027
1!
#180843031
0!
#180947035
1!
#181051500
0!
#181155504
1!
#181259508
0!
#181363511
1!
#181467515
0!
#181571519
1!
#181675523
0!
#181779527
1!
#181883531
0!
#181987535
1!
#182092000
0!
#182196004
1!
#182300008
0!
#182404011
1!
#182508015
0!
#182612019
1!
#182716023
0!
#182820027
1!
#182924031
0!
#183028035
1!
#183132500
0!
#183236504
1!
#183340508
0!
#183444511
1!
#183548515
0!
#183652519
1!
#183756523
0!
#183860527
1!
#183964531
0!
#184068535
1!
#184173000
0!
#184277004
1!
#184381008
0!
#184485011
1!
#184589015
0!
#184693019
1!
#184797023
0!
#184901027
1!
#185005031
0!
#185109035
1!
#185213500
0!
#185317504
1!
#185421507
0!
#185525511
1!
#185629515
0!
#185733519
1!
#185837523
0!
#185941527
1!
#186045531
0!
#186149535
1!
#186254000
0!
#186358004
1!
#186462007
0!
#186566011
1!
#186670015
0!
#186774019
1!
#186878023
0!
#186982027
1!
#187086031
0!
#187190035
1!
#187294500
0!
#187398504
1!
#187502507
0!
#187606511
1!
#187710515
0!
#187814519
1!
#187918523
0!
#188022527
1!
#188126531
0!
#188230535
1!
#188335000
0!
#188439004
1!
#188543007
0!
#188647011
1!
#188751015
0!
#188855019
1!
#188959023
0!
#189063027
1!
#189167031
0!
#189271035
1!
#189375500
0!
#189479504
1!
#189583507
0!
#189687511
1!
#189791515
0!
#189895519
1!
#189999523
0!
#190103527
1!
#190207531
0!
#190311535
1!
#190416000
0!
#190520004
1!
#190624007
0!
#190728011
1!
#190832015
0!
#190936019
1!
#191040023
0!
#191144027
1!
#191248031
0!
#191352035
1!
#191456500
0!
#191560504
1!
#191664507
0!
#191768511
1!
#191872515
0!
#191976519
1!
#192080523
0!
#192184527
1!
#192288531
0!
#192392535
1!
#192497000
0!
#192601004
1!
#192705007
0!
#192809011
1!
#192913015
0!
#193017019
1!
#193121023
0!
#193225027
1!
#193329031
0!
#193433035
1!
#193537500
0!
#193641504
1!
#193745507
0!
#193849511
1!
#193953515
0!
#194057519
1!
#194161523
0!
#194265527
1!
#194369531
0!
#194473535
1!
#194578000
0!
#194682004
1!
#194786007
0!
#194890011
1!
#194994015
0!
#195098019
1!
#195202023
0!
#195306027
1!
#195410031
0!
#195514035
1!
#195618500
0!
#195722504
1!
#195826507
0!
#195930511
1!
#196034515
0!
#196138519
1!
#196242523
0!
#196346527
1!
#196450531
0!
#196554535
1!
#196659000
0!
#196763004
1!
#196867007
0!
#196971011
1!
#197075015
0!
#197179019
1!
#197283023
0!
#197387027
1!
#197491031
0!
#197595035
1!
#197699500
0!
#197803504
1!
#197907507
0!
#198011511
1!
#198115515
0!
#198219519
1!
#198323523
0!
#198427527
1!
#198531531
0!
#198635535
1!
#198740000
0!
#198844004
1!
#198948007
0!
#199052011
1!
#199156015
0!
#199260019
1!
#199364023
0!
#199468027
1!
#199572031
0!
#199676035
1!
#199780500
0!
#199884504
1!
#199988507
0!
#200092511
1!
#200196515
0!
#200300519
1!
#200404523
0!
#200508527
1!
#200612531
0!
#200716535
1!
#200821000
0!
#200925004
1!
#201029007
0!
#201133011
1!
#201237015
0!
#201341019
1!
#201445023
0!
#201549027
1!
#201653031
0!
#201757035
1!
#201861500
0!
#201965504
1!
#202069507
0!
#202173511
1!
#202277515
0!
#202381519
1!
#202485523
0!
#202589527
1!
#202693531
0!
#202797535
1!
#202902000
0!
#203006004
1!
#203110007
0!
#203214011
1!
#203318015
0!
#203422019
1!
#203526023
0!
#203630027
1!
#203734031
0!
#203838035
1!
#203942500
0!
#204046504
1!
#204150507
0!
#204254511
1!
#204358515
0!
#204462519
1!
#204566523
0!
#204670527
1!
#204774531
0!
#204878535
1!
#204983000
0!
#205087004
1!
#205191007
0!
#205295011
1!
#205399015
0!
#205503019
1!
#205607023
0!
#205711027
1!
#205815031
0!
#205919035
1!
#206023500
0!
#206127504
1!
#206231507
0!
#206335511
1!
#206439515
0!
#206543519
1!
#206647523
0!
#206751527
1!
#206855531
0!
#206959535
1!
#207064000
0!
#207168004
1!
#207272007
0!
#207376011
1!
#207480015
0!
#207584019
1!
#207688023
0!
#207792027
1!
#207896031
0!
#208000035
1!
#208104500
0!
#208208504
1!
#208312507
0!
#208416511
1!
#208520515
0!
#208624519
1!
#208728523
0!
#208832527
1!
#208936531
0!
#209040535
1!
#209145000
0!
#209249004
1!
#209353007
0!
#209457011
1!
#209561015
0!
#209665019
1!
#209769023
0!
#209873027
1!
#209977031
0!
#210081035
1!
#210185500
0!
#210289504
1!
#210393507
0!
#210497511
1!
#210601515
0!
#210705519
1!
#210809523
0!
#210913527
1!
#211017531
0!
#211121535
1!
#211226000
0!
#211330004
1!
#211434007
0!
#211538011
1!
#211642015
0!
#211746019
1!
#211850023
0!
#211954027
1!
#212058031
0!
#212162035
1!
#212266500
0!
#212370504
1!
#212474507
0!
#212578511
1!
#212682515
0!
#212786519
1!
#212890523
0!
#212994527
1!
#213098531
0!
#213202535
1!
#213307000
0!
#213411004
1!
#213515007
0!
#213619011
1!
#213723015
0!
#213827019
1!
#213931023
0!
#214035027
1!
#214139031
0!
#214243035
1!
#214347500
0!
#214451504
1!
#214555507
0!
#214659511
1!
#214763515
0!
#214867519
1!
#214971523
0!
#215075527
1!
#215179531
0!
#215283535
1!
#215388000
0!
#215492004
1!
#215596007
0!
#215700011
1!
#215804015
0!
#215908019
1!
#216012023
0!
#216116027
1!
#216220031
0!
#216324035
1!
#216428500
0!
#216532504
1!
#216636507
0!
#216740511
1!
#216844515
0!
#216948519
1!
#217052523
0!
#217156527
1!
#217260531
0!
#217364535
1!
#217469000
0!
#217573004
1!
#217677007
0!
#217781011
1!
#217885015
0!
#217989019
1!
#218093023
0!
#218197027
1!
#218301031
0!
#218405035
1!
#218509500
0!
#218613504
1!
#218717507
0!
#218821511
1!
#218925515
0!
#219029519
1!
#219133523
0!
#219237527
1!
#219341531
0!
#219445535
1!
#219550000
0!
#219654004
1!
#219758007
0!
#219862011
1!
#219966015
0!
#220070019
1!
#220174023
0!
#220278027
1!
#220382031
0!
#220486035
1!
#220590500
0!
#220694504
1!
#220798507
0!
#220902511
1!
#221006515
0!
#221110519
1!
#221214523
0!
#221318527
1!
#221422531
0!
#221526535
1!
#221631000
0!
#221735004
1!
#221839007
0!
#221943011
1!
#222047015
0!
#222151019
1!
#222255023
0!
#222359027
1!
#222463031
0!
#222567035
1!
#222671500
0!
#222775504
1!
#222879507
0!
#222983511
1!
#223087515
0!
#223191519
1!
#223295523
0!
#223399527
1!
#223503531
0!
#223607535
1!
#223712000
0!
#223816003
1!
#223920007
0!
#224024011
1!
#224128015
0!
#224232019
1!
#224336023
0!
#224440027
1!
#224544031
0!
#224648035
1!
#224752500
0!
#224856503
1!
#224960507
0!
#225064511
1!
#225168515
0!
#225272519
1!
#225376523
0!
#225480527
1!
#225584531
0!
#225688535
1!
#225793000
0!
#225897003
1!
#226001007
0!
#226105011
1!
#226209015
0!
#226313019
1!
#226417023
0!
#226521027
1!
#226625031
0!
#226729035
1!
#226833500
0!
#226937503
1!
#227041507
0!
#227145511
1!
#227249515
0!
#227353519
1!
#227457523
0!
#227561527
1!
#227665531
0!
#227769535
1!
#227874000
0!
#227978003
1!
#228082007
0!
#228186011
1!
#228290015
0!
#228394019
1!
#228498023
0!
#228602027
1!
#228706031
0!
#228810035
1!
#228914500
0!
#229018503
1!
#229122507
0!
#229226511
1!
#229330515
0!
#229434519
1!
#229538523
0!
#229642527
1!
#229746531
0!
#229850535
1!
#229955000
0!
#230059003
1!
#230163007
0!
#230267011
1!
#230371015
0!
#230475019
1!
#230579023
0!
#230683027
1!
#230787031
0!
#230891035
1!
#230995500
0!
#231099503
1!
#231203507
0!
#231307511
1!
#231411515
0!
#231515519
1!
#231619523
0!
#231723527
1!
#231827531
0!
#231931535
1!
#232036000
0!
#232140003
1!
#232244007
0!
#232348011
1!
#232452015
0!
#232556019
1!
#232660023
0!
#232764027
1!
#232868031
0!
#232972035
1!
#233076500
0!
#233180503
1!
#233284507
0!
#233388511
1!
#233492515
0!
#233596519
1!
#233700523
0!
#233804527
1!
#233908531
0!
#234012535
1!
#234117000
0!
#234221003
1!
#234325007
0!
#234429011
1!
#234533015
0!
#234637019
1!
#234741023
0!
#234845027
1!
#234949031
0!
#235053035
1!
#235157500
0!
#235261503
1!
#235365507
0!
#235469511
1!
#235573515
0!
#235677519
1!
#235781523
0!
#235885527
1!
#235989531
0!
#236093535
1!
#236198000
0!
#236302003
1!
#236406007
0!
#236510011
1!
#236614015
0!
#236718019
1!
#236822023
0!
#236926027
1!
#237030031
0!
#237134035
1!
#237238500
0!
#237342503
1!
#237446507
0!
#237550511
1!
#237654515
0!
#237758519
1!
#237862523
0!
#237966527
1!
#238070531
0!
#238174535
1!
#238279000
0!
#238383003
1!
#238487007
0!
#238591011
1!
#238695015
0!
#238799019
1!
#238903023
0!
#239007027
1!
#239111031
0!
#239215035
1!
#239319500
0!
#239423503
1!
#239527507
0!
#239631511
1!
#239735515
0!
#239839519
1!
#239943523
0!
#240047527
1!
#240151531
0!
#240255535
1!
#240360000
0!
#240464003
1!
#240568007
0!
#240672011
1!
#240776015
0!
#240880019
1!
#240984023
0!
#241088027
1!
#241192031
0!
#241296035
1!
#241400500
0!
#241504503
1!
#241608507
0!
#241712511
1!
#241816515
0!
#241920519
1!
#242024523
0!
#242128527
1!
#242232531
0!
#242336535
1!
#242441000
0!
#242545003
1!
#242649007
0!
#242753011
1!
#242857015
0!
#242961019
1!
#243065023
0!
#243169027
1!
#243273031
0!
#243377035
1!
#243481500
0!
#243585503
1!
#243689507
0!
#243793511
1!
#243897515
0!
#244001519
1!
#244105523
0!
#244209527
1!
#244313531
0!
#244417535
1!
#244522000
0!
#244626003
1!
#244730007
0!
#244834011
1!
#244938015
0!
#245042019
1!
#245146023
0!
#245250027
1!
#245354031
0!
#245458035
1!
#245562500
0!
#245666503
1!
#245770507
0!
#245874511
1!
#245978515
0!
#246082519
1!
#246186523
0!
#246290527
1!
#246394531
0!
#246498535
1!
#246603000
0!
#246707003
1!
#246811007
0!
#246915011
1!
#247019015
0!
#247123019
1!
#247227023
0!
#247331027
1!
#247435031
0!
#247539035
1!
#247643500
0!
#247747503
1!
#247851507
0!
#247955511
1!
#248059515
0!
#248163519
1!
#248267523
0!
#248371527
1!
#248475531
0!
#248579535
1!
#248684000
0!
#248788003
1!
#248892007
0!
#248996011
1!
#249100015
0!
#249204019
1!
#249308023
0!
#249412027
1!
#249516031
0!
#249620035
1!
#249724500
0!
#249828503
1!
#249932507
0!
#250036511
1!
#250140515
0!
#250244519
1!
#250348523
0!
#250452527
1!
#250556531
0!
#250660535
1!
#250765000
0!
#250869004
1!
#250973008
0!
#251077011
1!
#251181015
0!
#251285019
1!
#251389023
0!
#251493027
1!
#251597031
0!
#251701035
1!
#251805500
0!
#251909504
1!
#252013508
0!
#252117511
1!
#252221515
0!
#252325519
1!
#252429523
0!
#252533527
1!
#252637531
0!
#252741535
1!
#252846000
0!
#252950004
1!
#253054008
0!
#253158011
1!
#253262015
0!
#253366019
1!
#253470023
0!
#253574027
1!
#253678031
0!
#253782035
1!
#253886500
0!
#253990504
1!
#254094508
0!
#254198511
1!
#254302515
0!
#254406519
1!
#254510523
0!
#254614527
1!
#254718531
0!
#254822535
1!
#254927000
0!
#255031004
1!
#255135008
0!
#255239011
1!
#255343015
0!
#255447019
1!
#255551023
0!
#255655027
1!
#255759031
0!
#255863035
1!
#255967500
0!
#256071504
1!
#256175508
0!
#256279511
1!
#256383515
0!
#256487519
1!
#256591523
0!
#256695527
1!
#256799531
0!
#256903535
1!
#257008000
0!
#257112004
1!
#257216008
0!
#257320011
1!
#257424015
0!
#257528019
1!
#257632023
0!
#257736027
1!
#257840031
0!
#257944035
1!
#258048500
0!
#258152504
1!
#258256508
0!
#258360511
1!
#258464515
0!
#258568519
1!
#258672523
0!
#258776527
1!
#258880531
0!
#258984535
1!
#259089000
0!
#259193004
1!
#259297008
0!
#259401012
1!
#259505015
0!
#259609019
1!
#259713023
0!
#259817027
1!
#259921031
0!
#260025035
1!
#260129500
0!
#260233504
1!
#260337508
0!
#260441512
1!
#260545515
0!
#260649519
1!
#260753523
0!
#260857527
1!
#260961531
0!
#261065535
1!
#261170000
0!
#261274004
1!
#261378008
0!
#261482012
1!
#261586015
0!
#261690019
1!
#261794023
0!
#261898027
1!
#262002031
0!
#262106035
1!
#262210500
0!
#262314504
1!
#262418508
0!
#262522512
1!
#262626516
0!
#262730520
1!
#262834524
0!
#262938528
1!
#263042532
0!
#263146536
1!
#263251000
0!
#263355004
1!
#263459008
0!
#263563012
1!
#263667016
0!
#263771020
1!
#263875024
0!
#263979028
1!
#264083032
0!
#264187036
1!
#264291500
0!
#264395504
1!
#264499508
0!
#264603512
1!
#264707516
0!
#264811520
1!
#264915524
0!
#265019528
1!
#265123532
0!
#265227536
1!
#265332000
0!
#265436004
1!
#265540008
0!
#265644012
1!
#265748016
0!
#265852020
1!
#265956024
0!
#266060028
1!
#266164032
0!
#266268036
1!
#266372500
0!
#266476504
1!
#266580508
0!
#266684512
1!
#266788516
0!
#266892520
1!
#266996524
0!
#267100528
1!
#267204532
0!
#267308536
1!
#267413000
0!
#267517004
1!
#267621008
0!
#267725012
1!
#267829016
0!
#267933020
1!
#268037024
0!
#268141028
1!
#268245032
0!
#268349036
1!
#268453500
0!
#268557504
1!
#268661508
0!
#268765512
1!
#268869516
0!
#268973520
1!
#269077524
0!
#269181528
1!
#269285532
0!
#269389536
1!
#269494000
0!
#269598004
1!
#269702008
0!
#269806012
1!
#269910016
0!
#270014020
1!
#270118024
0!
#270222028
1!
#270326032
0!
#270430036
1!
#270534500
0!
#270638504
1!
#270742508
0!
#270846512
1!
#270950516
0!
#271054520
1!
#271158524
0!
#271262528
1!
#271366532
0!
#271470536
1!
#271575000
0!
#271679004
1!
#271783008
0!
#271887012
1!
#271991016
0!
#272095020
1!
#272199024
0!
#272303028
1!
#272407032
0!
#272511036
1!
#272615500
0!
#272719504
1!
#272823508
0!
#272927512
1!
#273031516
0!
#273135520
1!
#273239524
0!
#273343528
1!
#273447532
0!
#273551536
1!
#273656000
0!
#273760004
1!
#273864008
0!
#273968012
1!
#274072016
0!
#274176020
1!
#274280024
0!
#274384028
1!
#274488032
0!
#274592036
1!
#274696500
0!
#274800504
1!
#274904508
0!
#275008512
1!
#275112516
0!
#275216520
1!
#275320524
0!
#275424528
1!
#275528532
0!
#275632536
1!
#275737000
0!
#275841004
1!
#275945008
0!
#276049012
1!
#276153016
0!
#276257020
1!
#276361024
0!
#276465028
1!
#276569032
0!
#276673036
1!
#276777500
0!
#276881504
1!
#276985508
0!
#277089512
1!
#277193516
0!
#277297520
1!
#277401524
0!
#277505528
1!
#277609532
0!
#277713536
1!
#277818000
0!
#277922004
1!
#278026008
0!
#278130012
1!
#278234016
0!
#278338020
1!
#278442024
0!
#278546028
1!
#278650032
0!
#278754036
1!
#278858500
0!
#278962504
1!
#279066508
0!
#279170512
1!
#279274516
0!
#279378520
1!
#279482524
0!
#279586528
1!
#279690532
0!
#279794536
1!
#279899000
0!
#280003004
1!
#280107008
0!
#280211012
1!
#280315016
0!
#280419020
1!
#280523024
0!
#280627028
1!
#280731032
0!
#280835036
1!
#280939500
0!
#281043504
1!
#281147508
0!
#281251512
1!
#281355516
0!
#281459520
1!
#281563524
0!
#281667528
1!
#281771532
0!
#281875536
1!
#281980000
0!
#282084004
1!
#282188008
0!
#282292012
1!
#282396016
0!
#282500020
1!
#282604024
0!
#282708028
1!
#282812032
0!
#282916036
1!
#283020500
0!
#283124504
1!
#283228508
0!
#283332512
1!
#283436516
0!
#283540520
1!
#283644524
0!
#283748528
1!
#283852532
0!
#283956536
1!
#284061000
0!
#284165004
1!
#284269008
0!
#284373012
1!
#284477016
0!
#284581020
1!
#284685024
0!
#284789028
1!
#284893032
0!
#284997036
1!
#285101500
0!
#285205504
1!
#285309508
0!
#285413512
1!
#285517516
0!
#285621520
1!
#285725524
0!
#285829528
1!
#285933532
0!
#286037536
1!
#286142000
0!
#286246004
1!
#286350008
0!
#286454012
1!
#286558016
0!
#286662020
1!
#286766024
0!
#286870028
1!
#286974032
0!
#287078036
1!
#287182500
0!
#287286504
1!
#287390508
0!
#287494512
1!
#287598516
0!
#287702520
1!
#287806524
0!
#287910528
1!
#288014532
0!
#288118536
1!
#288223000
0!
#288327004
1!
#288431008
0!
#288535012
1!
#288639016
0!
#288743020
1!
#288847024
0!
#288951028
1!
#289055032
0!
#289159036
1!
#289263500
0!
#289367504
1!
#289471508
0!
#289575512
1!
#289679516
0!
#289783520
1!
#289887524
0!
#289991528
1!
#290095532
0!
#290199536
1!
#290304000
0!
#290408004
1!
#290512008
0!
#290616012
1!
#290720016
0!
#290824020
1!
#290928024
0!
#291032028
1!
#291136032
0!
#291240036
1!
#291344500
0!
#291448504
1!
#291552508
0!
#291656512
1!
#291760516
0!
#291864520
1!
#291968524
0!
#292072528
1!
#292176532
0!
#292280536
1!
#292385000
0!
#292489004
1!
#292593008
0!
#292697012
1!
#292801016
0!
#292905020
1!
#293009024
0!
#293113028
1!
#293217032
0!
#293321036
1!
#293425500
0!
#293529504
1!
#293633508
0!
#293737512
1!
#293841516
0!
#293945520
1!
#294049524
0!
#294153528
1!
#294257532
0!
#294361536
1!
#294466000
0!
#294570004
1!
#294674008
0!
#294778012
1!
#294882016
0!
#294986020
1!
#295090024
0!
#295194028
1!
#295298032
0!
#295402036
1!
#295506500
0!
#295610504
1!
#295714508
0!
#295818512
1!
#295922516
0!
#296026520
1!
#296130524
0!
#296234528
1!
#296338532
0!
#296442536
1!
#296547000
0!
#296651004
1!
#296755008
0!
#296859012
1!
#296963016
0!
#297067020
1!
#297171024
0!
#297275028
1!
#297379032
0!
#297483036
1!
#297587500
0!
#297691504
1!
#297795508
0!
#297899512
1!
#298003516
0!
#298107520
1!
#298211524
0!
#298315528
1!
#298419532
0!
#298523536
1!
#298628000
0!
#298732004
1!
#298836008
0!
#298940012
1!
#299044016
0!
#299148020
1!
#299252024
0!
#299356028
1!
#299460032
0!
#299564036
1!
#299668500
0!
#299772504
1!
#299876508
0!
#299980512
1!
#300084516
0!
#300188520
1!
#300292524
0!
#300396528
1!
#300500532
0!
#300604536
1!
#300709000
0!
#300813004
1!
#300917008
0!
#301021012
1!
#301125016
0!
#301229020
1!
#301333024
0!
#301437028
1!
#301541032
0!
#301645036
1!
#301749500
0!
#301853504
1!
#301957508
0!
#302061512
1!
#302165516
0!
#302269520
1!
#302373524
0!
#302477528
1!
#302581532
0!
#302685536
1!
#302790000
0!
#302894004
1!
#302998008
0!
#303102012
1!
#303206016
0!
#303310020
1!
#303414024
0!
#303518028
1!
#303622032
0!
#303726036
1!
#303830500
0!
#303934504
1!
#304038508
0!
#304142512
1!
#304246516
0!
#304350520
1!
#304454524
0!
#304558528
1!
#304662532
0!
#304766536
1!
#304871000
0!
#304975004
1!
#305079008
0!
#305183012
1!
#305287016
0!
#305391020
1!
#305495024
0!
#305599028
1!
#305703032
0!
#305807036
1!
#305911500
0!
#306015504
1!
#306119508
0!
#306223512
1!
#306327516
0!
#306431520
1!
#306535524
0!
#306639528
1!
#306743532
0!
#306847536
1!
#306952000
0!
#307056004
1!
#307160008
0!
#307264012
1!
#307368016
0!
#307472020
1!
#307576024
0!
#307680028
1!
#307784032
0!
#307888036
1!
#307992500
0!
#308096504
1!
#308200508
0!
#308304512
1!
#308408516
0!
#308512520
1!
#308616524
0!
#308720528
1!
#308824532
0!
#308928536
1!
#309033000
0!
#309137004
1!
#309241008
0!
#309345012
1!
#309449016
0!
#309553020
1!
#309657024
0!
#309761028
1!
#309865032
0!
#309969036
1!
#310073500
0!
#310177504
1!
#310281508
0!
#310385512
1!
#310489516
0!
#310593520
1!
#310697524
0!
#310801528
1!
#310905532
0!
#311009536
1!
#311114000
0!
#311218004
1!
#311322008
0!
#311426012
1!
#311530016
0!
#311634020
1!
#311738024
0!
#311842028
1!
#311946032
0!
#312050036
1!
#312154500
0!
#312258504
1!
#312362508
0!
#312466512
1!
#312570516
0!
#312674520
1!
#312778524
0!
#312882528
1!
#312986532
0!
#313090536
1!
#313195000
0!
#313299004
1!
#313403008
0!
#313507012
1!
#313611016
0!
#313715020
1!
#313819024
0!
#313923028
1!
#314027032
0!
#314131036
1!
#314235500
0!
#314339504
1!
#314443508
0!
#314547512
1!
#314651516
0!
#314755520
1!
#314859524
0!
#314963528
1!
#315067532
0!
#315171536
1!
#315276000
0!
#315380004
1!
#315484008
0!
#315588012
1!
#315692016
0!
#315796020
1!
#315900024
0!
#316004028
1!
#316108032
0!
#316212036
1!
#316316500
0!
#316420504
1!
#316524508
0!
#316628512
1!
#316732516
0!
#316836520
1!
#316940524
0!
#317044528
1!
#317148532
0!
#317252536
1!
#317357000
0!
#317461004
1!
#317565008
0!
#317669012
1!
#317773016
0!
#317877020
1!
#317981024
0!
#318085028
1!
#318189032
0!
#318293036
1!
#318397500
0!
#318501504
1!
#318605508
0!
#318709512
1!
#318813516
0!
#318917520
1!
#319021524
0!
#319125528
1!
#319229532
0!
#319333536
1!
#319438000
0!
#319542004
1!
#319646008
0!
#319750012
1!
#319854016
0!
#319958020
1!
#320062024
0!
#320166028
1!
#320270032
0!
#320374036
1!
#320478500
0!
#320582504
1!
#320686508
0!
#320790512
1!
#320894516
0!
#320998520
1!
#321102524
0!
#321206528
1!
#321310532
0!
#321414536
1!
#321519000
0!
#321623004
1!
#321727008
0!
#321831012
1!
#321935016
0!
#322039020
1!
#322143024
0!
#322247028
1!
#322351032
0!
#322455036
1!
#322559500
0!
#322663504
1!
#322767508
0!
#322871512
1!
#322975516
0!
#323079520
1!
#323183524
0!
#323287528
1!
#323391532
0!
#323495536
1!
#323600000
0!
#323704004
1!
#323808008
0!
#323912012
1!
#324016016
0!
#324120020
1!
#324224024
0!
#324328028
1!
#324432032
0!
#324536036
1!
#324640500
0!
#324744504
1!
#324848508
0!
#324952512
1!
#325056516
0!
#325160520
1!
#325264524
0!
#325368528
1!
#325472532
0!
#325576536
1!
#325681000
0!
#325785004
1!
#325889008
0!
#325993012
1!
#326097016
0!
#326201020
1!
#326305024
0!
#326409028
1!
#326513032
0!
#326617036
1!
#326721500
0!
#326825504
1!
#326929508
0!
#327033512
1!
#327137516
0!
#327241520
1!
#327345524
0!
#327449528
1!
#327553532
0!
#327657536
1!
#327762000
0!
#327866004
1!
#327970008
0!
#328074012
1!
#328178016
0!
#328282020
1!
#328386024
0!
#328490028
1!
#328594032
0!
#328698036
1!
#328802500
0!
#328906504
1!
#329010508
0!
#329114512
1!
#329218516
0!
#329322520
1!
#329426524
0!
#329530528
1!
#329634532
0!
#329738536
1!
#329843000
0!
#329947004
1!
#330051008
0!
#330155012
1!
#330259016
0!
#330363020
1!
#330467024
0!
#330571028
1!
#330675032
0!
#330779036
1!
#330883500
0!
#330987504
1!
#331091508
0!
#331195512
1!
#331299516
0!
#331403520
1!
#331507524
0!
#331611528
1!
#331715532
0!
#331819536
1!
#331924000
0!
#332028004
1!
#332132008
0!
#332236012
1!
#332340016
0!
#332444020
1!
#332548024
0!
#332652028
1!
#332756032
0!
#332860036
1!
#332964500
0!
#333068504
1!
#333172508
0!
#333276512
1!
#333380516
0!
#333484520
1!
#333588524
0!
#333692528
1!
#333796532
0!
#333900536
1!
#334005000
0!
#334109004
1!
#334213008
0!
#334317012
1!
#334421016
0!
#334525020
1!
#334629024
0!
#334733028
1!
#334837032
0!
#334941036
1!
#335045500
0!
#335149504
1!
#335253508
0!
#335357512
1!
#335461516
0!
#335565520
1!
#335669524
0!
#335773528
1!
#335877532
0!
#335981536
1!
#336086000
0!
#336190004
1!
#336294008
0!
#336398012
1!
#336502016
0!
#336606020
1!
#336710024
0!
#336814028
1!
#336918032
0!
#337022036
1!
#337126500
0!
#337230504
1!
#337334508
0!
#337438512
1!
#337542516
0!
#337646520
1!
#337750524
0!
#337854528
1!
#337958532
0!
#338062536
1!
#338167000
0!
#338271004
1!
#338375008
0!
#338479012
1!
#338583016
0!
#338687020
1!
#338791024
0!
#338895028
1!
#338999032
0!
#339103036
1!
#339207500
0!
#339311504
1!
#339415508
0!
#339519512
1!
#339623516
0!
#339727520
1!
#339831524
0!
#339935528
1!
#340039532
0!
#340143536
1!
#340248000
0!
#340352004
1!
#340456008
0!
#340560012
1!
#340664016
0!
#340768020
1!
#340872024
0!
#340976028
1!
#341080032
0!
#341184036
1!
#341288500
0!
#341392504
1!
#341496508
0!
#341600512
1!
#341704516
0!
#341808520
1!
#341912524
0!
#342016528
1!
#342120532
0!
#342224536
1!
#342329000
0!
#342433004
1!
#342537008
0!
#342641012
1!
#342745016
0!
#342849020
1!
#342953024
0!
#343057028
1!
#343161032
0!
#343265036
1!
#343369500
0!
#343473504
1!
#343577508
0!
#343681512
1!
#343785516
0!
#343889520
1!
#343993524
0!
#344097528
1!
#344201532
0!
#344305536
1!
#344410000
0!
#344514004
1!
#344618008
0!
#344722012
1!
#344826016
0!
#344930020
1!
#345034024
0!
#345138028
1!
#345242032
0!
#345346036
1!
#345450500
0!
#345554504
1!
#345658508
0!
#345762512
1!
#345866516
0!
#345970520
1!
#346074524
0!
#346178528
1!
#346282532
0!
#346386536
1!
#346491000
0!
#346595004
1!
#346699008
0!
#346803012
1!
#346907016
0!
#347011020
1!
#347115024
0!
#347219028
1!
#347323032
0!
#347427036
1!
#347531500
0!
#347635504
1!
#347739508
0!
#347843512
1!
#347947516
0!
#348051520
1!
#348155524
0!
#348259528
1!
#348363532
0!
#348467536
1!
#348572000
0!
#348676004
1!
#348780008
0!
#348884012
1!
#348988016
0!
#349092020
1!
#349196024
0!
#349300028
1!
#349404032
0!
#349508036
1!
#349612500
0!
#349716504
1!
#349820508
0!
#349924512
1!
#350028516
0!
#350132520
1!
#350236524
0!
#350340528
1!
#350444532
0!
#350548536
1!
#350653000
0!
#350757004
1!
#350861008
0!
#350965012
1!
#351069016
0!
#351173020
1!
#351277024
0!
#351381028
1!
#351485032
0!
#351589036
1!
#351693500
0!
#351797504
1!
#351901508
0!
#352005512
1!
#352109516
0!
#352213520
1!
#352317524
0!
#352421528
1!
#352525532
0!
#352629536
1!
#352734000
0!
#352838004
1!
#352942008
0!
#353046012
1!
#353150016
0!
#353254020
1!
#353358024
0!
#353462028
1!
#353566032
0!
#353670036
1!
#353774500
0!
#353878504
1!
#353982508
0!
#354086512
1!
#354190516
0!
#354294520
1!
#354398524
0!
#354502528
1!
#354606532
0!
#354710536
1!
#354815000
0!
#354919004
1!
#355023008
0!
#355127012
1!
#355231016
0!
#355335020
1!
#355439024
0!
#355543028
1!
#355647032
0!
#355751036
1!
#355855500
0!
#355959504
1!
#356063508
0!
#356167512
1!
#356271516
0!
#356375520
1!
#356479524
0!
#356583528
1!
#356687532
0!
#356791536
1!
#356896000
0!
#357000004
1!
#357104008
0!
#357208012
1!
#357312016
0!
#357416020
1!
#357520024
0!
#357624028
1!
#357728032
0!
#357832036
1!
#357936500
0!
#358040504
1!
#358144508
0!
#358248512
1!
#358352516
0!
#358456520
1!
#358560524
0!
#358664528
1!
#358768532
0!
#358872536
1!
#358977000
0!
#359081004
1!
#359185008
0!
#359289012
1!
#359393016
0!
#359497020
1!
#359601024
0!
#359705028
1!
#359809032
0!
#359913036
1!
#360017500
0!
#360121504
1!
#360225508
0!
#360329512
1!
#360433516
0!
#360537520
1!
#360641524
0!
#360745528
1!
#360849532
0!
#360953536
1!
#361058000
0!
#361162004
1!
#361266008
0!
#361370012
1!
#361474016
0!
#361578020
1!
#361682024
0!
#361786028
1!
#361890032
0!
#361994036
1!
#362098500
0!
#362202504
1!
#362306508
0!
#362410512
1!
#362514516
0!
#362618520
1!
#362722524
0!
#362826528
1!
#362930532
0!
#363034536
1!
#363139000
0!
#363243004
1!
#363347008
0!
#363451012
1!
#363555016
0!
#363659020
1!
#363763024
0!
#363867028
1!
#363971032
0!
#364075036
1!
#364179500
0!
#364283504
1!
#364387508
0!
#364491512
1!
#364595516
0!
#364699520
1!
#364803524
0!
#364907528
1!
#365011532
0!
#365115536
1!
#365220000
0!
#365324004
1!
#365428008
0!
#365532012
1!
#365636016
0!
#365740020
1!
#365844024
0!
#365948028
1!
#366052032
0!
#366156036
1!
#366260500
0!
#366364504
1!
#366468508
0!
#366572512
1!
#366676516
0!
#366780520
1!
#366884524
0!
#366988528
1!
#367092532
0!
#367196536
1!
#367301000
0!
#367405004
1!
#367509008
0!
#367613012
1!
#367717016
0!
#367821020
1!
#367925024
0!
#368029028
1!
#368133032
0!
#368237036
1!
#368341500
0!
#368445504
1!
#368549508
0!
#368653512
1!
#368757516
0!
#368861520
1!
#368965524
0!
#369069528
1!
#369173532
0!
#369277536
1!
#369382000
0!
#369486004
1!
#369590008
0!
#369694012
1!
#369798016
0!
#369902020
1!
#370006024
0!
#370110028
1!
#370214032
0!
#370318036
1!
#370422500
0!
#370526504
1!
#370630508
0!
#370734512
1!
#370838516
0!
#370942520
1!
#371046524
0!
#371150528
1!
#371254532
0!
#371358536
1!
#371463000
0!
#371567004
1!
#371671008
0!
#371775012
1!
#371879016
0!
#371983020
1!
#372087024
0!
#372191028
1!
#372295032
0!
#372399036
1!
#372503500
0!
#372607504
1!
#372711508
0!
#372815512
1!
#372919516
0!
#373023520
1!
#373127524
0!
#373231528
1!
#373335532
0!
#373439536
1!
#373544000
0!
#373648004
1!
#373752008
0!
#373856012
1!
#373960016
0!
#374064020
1!
#374168024
0!
#374272028
1!
#374376032
0!
#374480036
1!
#374584500
0!
#374688504
1!
#374792508
0!
#374896512
1!
#375000516
0!
#375104520
1!
#375208524
0!
#375312528
1!
#375416532
0!
#375520536
1!
#375625000
0!
#375729004
1!
#375833008
0!
#375937012
1!
#376041016
0!
#376145020
1!
#376249024
0!
#376353028
1!
#376457032
0!
#376561036
1!
#376665500
0!
#376769504
1!
#376873508
0!
#376977512
1!
#377081516
0!
#377185520
1!
#377289524
0!
#377393528
1!
#377497532
0!
#377601536
1!
#377706000
0!
#377810004
1!
#377914008
0!
#378018012
1!
#378122016
0!
#378226020
1!
#378330024
0!
#378434028
1!
#378538032
0!
#378642036
1!
#378746500
0!
#378850504
1!
#378954508
0!
#379058512
1!
#379162516
0!
#379266520
1!
#379370524
0!
#379474528
1!
#379578532
0!
#379682536
1!
#379787000
0!
#379891004
1!
#379995008
0!
#380099012
1!
#380203016
0!
#380307020
1!
#380411024
0!
#380515028
1!
#380619032
0!
#380723036
1!
#380827500
0!
#380931504
1!
#381035508
0!
#381139512
1!
#381243516
0!
#381347520
1!
#381451524
0!
#381555528
1!
#381659532
0!
#381763536
1!
#381868000
0!
#381972004
1!
#382076008
0!
#382180012
1!
#382284016
0!
#382388020
1!
#382492024
0!
#382596028
1!
#382700032
0!
#382804036
1!
#382908500
0!
#383012504
1!
#383116508
0!
#383220512
1!
#383324516
0!
#383428520
1!
#383532524
0!
#383636528
1!
#383740532
0!
#383844536
1!
#383949000
0!
#384053004
1!
#384157008
0!
#384261012
1!
#384365016
0!
#384469020
1!
#384573024
0!
#384677028
1!
#384781032
0!
#384885036
1!
#384989500
0!
#385093504
1!
#385197508
0!
#385301512
1!
#385405516
0!
#385509520
1!
#385613524
0!
#385717528
1!
#385821532
0!
#385925536
1!
#386030000
0!
#386134004
1!
#386238008
0!
#386342012
1!
#386446016
0!
#386550020
1!
#386654024
0!
#386758028
1!
#386862032
0!
#386966036
1!
#387070500
0!
#387174504
1!
#387278508
0!
#387382512
1!
#387486516
0!
#387590520
1!
#387694524
0!
#387798528
1!
#387902532
0!
#388006536
1!
#388111000
0!
#388215004
1!
#388319008
0!
#388423012
1!
#388527016
0!
#388631020
1!
#388735024
0!
#388839028
1!
#388943032
0!
#389047036
1!
#389151500
0!
#389255504
1!
#389359508
0!
#389463512
1!
#389567516
0!
#389671520
1!
#389775524
0!
#389879528
1!
#389983532
0!
#390087536
1!
#390192000
0!
#390296004
1!
#390400008
0!
#390504012
1!
#390608016
0!
#390712020
1!
#390816024
0!
#390920028
1!
#391024032
0!
#391128036
1!
#391232500
0!
#391336504
1!
#391440508
0!
#391544512
1!
#391648516
0!
#391752520
1!
#391856524
0!
#391960528
1!
#392064532
0!
#392168536
1!
#392273000
0!
#392377004
1!
#392481008
0!
#392585012
1!
#392689016
0!
#392793020
1!
#392897024
0!
#393001028
1!
#393105032
0!
#393209036
1!
#393313500
0!
#393417504
1!
#393521508
0!
#393625512
1!
#393729516
0!
#393833520
1!
#393937524
0!
#394041528
1!
#394145532
0!
#394249536
1!
#394354000
0!
#394458004
1!
#394562008
0!
#394666012
1!
#394770016
0!
#394874020
1!
#394978024
0!
#395082028
1!
#395186032
0!
#395290036
1!
#395394500
0!
#395498504
1!
#395602508
0!
#395706512
1!
#395810516
0!
#395914520
1!
#396018524
0!
#396122528
1!
#396226532
0!
#396330536
1!
#396435000
0!
#396539004
1!
#396643008
0!
#396747012
1!
#396851016
0!
#396955020
1!
#397059024
0!
#397163028
1!
#397267032
0!
#397371036
1!
#397475500
0!
#397579504
1!
#397683508
0!
#397787512
1!
#397891516
0!
#397995520
1!
#398099524
0!
#398203528
1!
#398307532
0!
#398411536
1!
#398516000
0!
#398620004
1!
#398724008
0!
#398828012
1!
#398932016
0!
#399036020
1!
#399140024
0!
#399244028
1!
#399348032
0!
#399452036
1!
#399556500
0!
#399660504
1!
#399764508
0!
#399868512
1!
#399972516
0!
#400076520
1!
#400180524
0!
#400284528
1!
#400388532
0!
#400492536
1!
#400597000
0!
#400701004
1!
#400805008
0!
#400909012
1!
#401013016
0!
#401117020
1!
#401221024
0!
#401325028
1!
#401429032
0!
#401533036
1!
#401637500
0!
#401741504
1!
#401845508
0!
#401949512
1!
#402053516
0!
#402157520
1!
#402261524
0!
#402365528
1!
#402469532
0!
#402573536
1!
#402678000
0!
#402782004
1!
#402886008
0!
#402990012
1!
#403094016
0!
#403198020
1!
#403302024
0!
#403406028
1!
#403510032
0!
#403614036
1!
#403718500
0!
#403822504
1!
#403926508
0!
#404030512
1!
#404134516
0!
#404238520
1!
#404342524
0!
#404446528
1!
#404550532
0!
#404654536
1!
#404759000
0!
#404863004
1!
#404967008
0!
#405071012
1!
#405175016
0!
#405279020
1!
#405383024
0!
#405487028
1!
#405591032
0!
#405695036
1!
#405799500
0!
#405903504
1!
#406007508
0!
#406111512
1!
#406215516
0!
#406319520
1!
#406423524
0!
#406527528
1!
#406631532
0!
#406735536
1!
#406840000
0!
#406944004
1!
#407048008
0!
#407152012
1!
#407256016
0!
#407360020
1!
#407464024
0!
#407568028
1!
#407672032
0!
#407776036
1!
#407880500
0!
#407984504
1!
#408088508
0!
#408192512
1!
#408296516
0!
#408400520
1!
#408504524
0!
#408608528
1!
#408712532
0!
#408816536
1!
#408921000
0!
#409025004
1!
#409129008
0!
#409233012
1!
#409337016
0!
#409441020
1!
#409545024
0!
#409649028
1!
#409753032
0!
#409857036
1!
#409961500
0!
#410065504
1!
#410169508
0!
#410273512
1!
#410377516
0!
#410481520
1!
#410585524
0!
#410689528
1!
#410793532
0!
#410897536
1!
#411002000
0!
#411106004
1!
#411210008
0!
#411314012
1!
#411418016
0!
#411522020
1!
#411626024
0!
#411730028
1!
#411834032
0!
#411938036
1!
#412042500
0!
#412146504
1!
#412250508
0!
#412354512
1!
#412458516
0!
#412562520
1!
#412666524
0!
#412770528
1!
#412874532
0!
#412978536
1!
#413083000
0!
#413187004
1!
#413291008
0!
#413395012
1!
#413499016
0!
#413603020
1!
#413707024
0!
#413811028
1!
#413915032
0!
#414019036
1!
#414123500
0!
#414227504
1!
#414331508
0!
#414435512
1!
#414539516
0!
#414643520
1!
#414747524
0!
#414851528
1!
#414955532
0!
#415059536
1!
#415164000
0!
#415268004
1!
#415372008
0!
#415476012
1!
#415580016
0!
#415684020
1!
#415788024
0!
#415892028
1!
#415996032
0!
#416100036
1!
#416204500
0!
#416308504
1!
#416412508
0!
#416516512
1!
#416620516
0!
#416724520
1!
#416828524
0!
#416932528
1!
#417036532
0!
#417140536
1!
#417245000
0!
#417349004
1!
#417453008
0!
#417557012
1!
#417661016
0!
#417765020
1!
#417869024
0!
#417973028
1!
#418077032
0!
#418181036
1!
#418285500
0!
#418389504
1!
#418493508
0!
#418597512
1!
#418701516
0!
#418805520
1!
#418909524
0!
#419013528
1!
#419117532
0!
#419221536
1!
#419326000
0!
#419430004
1!
#419534008
0!
#419638012
1!
#419742016
0!
#419846020
1!
#419950024
0!
#420054028
1!
#420158032
0!
#420262036
1!
#420366500
0!
#420470504
1!
#420574508
0!
#420678512
1!
#420782516
0!
#420886520
1!
#420990524
0!
#421094528
1!
#421198532
0!
#421302536
1!
#421407000
0!
#421511004
1!
#421615008
0!
#421719012
1!
#421823016
0!
#421927020
1!
#422031024
0!
#422135028
1!
#422239032
0!
#422343036
1!
#422447500
0!
#422551504
1!
#422655508
0!
#422759512
1!
#422863516
0!
#422967520
1!
#423071524
0!
#423175528
1!
#423279532
0!
#423383536
1!
#423488000
0!
#423592004
1!
#423696008
0!
#423800012
1!
#423904016
0!
#424008020
1!
#424112024
0!
#424216028
1!
#424320032
0!
#424424036
1!
#424528500
0!
#424632504
1!
#424736508
0!
#424840512
1!
#424944516
0!
#425048520
1!
#425152524
0!
#425256528
1!
#425360532
0!
#425464536
1!
#425569000
0!
#425673004
1!
#425777008
0!
#425881012
1!
#425985016
0!
#426089020
1!
#426193024
0!
#426297028
1!
#426401032
0!
#426505036
1!
#426609500
0!
#426713504
1!
#426817508
0!
#426921512
1!
#427025516
0!
#427129520
1!
#427233524
0!
#427337528
1!
#427441532
0!
#427545536
1!
#427650000
0!
#427754004
1!
#427858008
0!
#427962012
1!
#428066016
0!
#428170020
1!
#428274024
0!
#428378028
1!
#428482032
0!
#428586036
1!
#428690500
0!
#428794504
1!
#428898508
0!
#429002512
1!
#429106516
0!
#429210520
1!
#429314524
0!
#429418528
1!
#429522532
0!
#429626536
1!
#429731000
0!
#429835004
1!
#429939008
0!
#430043012
1!
#430147016
0!
#430251020
1!
#430355024
0!
#430459028
1!
#430563032
0!
#430667036
1!
#430771500
0!
#430875504
1!
#430979508
0!
#431083512
1!
#431187516
0!
#431291520
1!
#431395524
0!
#431499528
1!
#431603532
0!
#431707536
1!
#431812000
0!
#431916004
1!
#432020008
0!
#432124012
1!
#432228016
0!
#432332020
1!
#432436024
0!
#432540028
1!
#432644032
0!
#432748036
1!
#432852500
0!
#432956504
1!
#433060508
0!
#433164512
1!
#433268516
0!
#433372520
1!
#433476524
0!
#433580528
1!
#433684532
0!
#433788536
1!
#433893000
0!
#433997004
1!
#434101008
0!
#434205012
1!
#434309016
0!
#434413020
1!
#434517024
0!
#434621028
1!
#434725032
0!
#434829036
1!
#434933500
0!
#435037504
1!
#435141508
0!
#435245512
1!
#435349516
0!
#435453520
1!
#435557524
0!
#435661528
1!
#435765532
0!
#435869536
1!
#435974000
0!
#436078004
1!
#436182008
0!
#436286012
1!
#436390016
0!
#436494020
1!
#436598024
0!
#436702028
1!
#436806032
0!
#436910036
1!
#437014500
0!
#437118504
1!
#437222508
0!
#437326512
1!
#437430516
0!
#437534520
1!
#437638524
0!
#437742528
1!
#437846532
0!
#437950536
1!
#438055000
0!
#438159004
1!
#438263008
0!
#438367012
1!
#438471016
0!
#438575020
1!
#438679024
0!
#438783028
1!
#438887032
0!
#438991036
1!
#439095500
0!
#439199504
1!
#439303508
0!
#439407512
1!
#439511516
0!
#439615520
1!
#439719524
0!
#439823528
1!
#439927532
0!
#440031536
1!
#440136000
0!
#440240004
1!
#440344008
0!
#440448012
1!
#440552016
0!
#440656020
1!
#440760024
0!
#440864028
1!
#440968032
0!
#441072036
1!
#441176500
0!
#441280504
1!
#441384508
0!
#441488512
1!
#441592516
0!
#441696520
1!
#441800524
0!
#441904528
1!
#442008532
0!
#442112536
1!
#442217000
0!
#442321004
1!
#442425008
0!
#442529012
1!
#442633016
0!
#442737020
1!
#442841024
0!
#442945028
1!
#443049032
0!
#443153036
1!
#443257500
0!
#443361504
1!
#443465508
0!
#443569512
1!
#443673516
0!
#443777520
1!
#443881524
0!
#443985528
1!
#444089532
0!
#444193536
1!
#444298000
0!
#444402004
1!
#444506008
0!
#444610012
1!
#444714016
0!
#444818020
1!
#444922024
0!
#445026028
1!
#445130032
0!
#445234036
1!
#445338500
0!
#445442504
1!
#445546508
0!
#445650512
1!
#445754516
0!
#445858520
1!
#445962524
0!
#446066528
1!
#446170532
0!
#446274536
1!
#446379000
0!
#446483004
1!
#446587008
0!
#446691012
1!
#446795016
0!
#446899020
1!
#447003024
0!
#447107028
1!
#447211032
0!
#447315036
1!
#447419500
0!
#447523504
1!
#447627508
0!
#447731512
1!
#447835516
0!
#447939520
1!
#448043524
0!
#448147528
1!
#448251532
0!
#448355536
1!
#448460000
0!
#448564004
1!
#448668008
0!
#448772012
1!
#448876016
0!
#448980020
1!
#449084024
0!
#449188028
1!
#449292032
0!
#449396036
1!
#449500500
0!
#449604504
1!
#449708508
0!
#449812512
1!
#449916516
0!
#450020520
1!
#450124524
0!
#450228528
1!
#450332532
0!
#450436536
1!
#450541000
0!
#450645004
1!
#450749008
0!
#450853012
1!
#450957016
0!
#451061020
1!
#451165024
0!
#451269028
1!
#451373032
0!
#451477036
1!
#451581500
0!
#451685504
1!
#451789508
0!
#451893512
1!
#451997516
0!
#452101520
1!
#452205524
0!
#452309528
1!
#452413532
0!
#452517536
1!
#452622000
0!
#452726004
1!
#452830008
0!
#452934012
1!
#453038016
0!
#453142020
1!
#453246024
0!
#453350028
1!
#453454032
0!
#453558036
1!
#453662500
0!
#453766504
1!
#453870508
0!
#453974512
1!
#454078516
0!
#454182520
1!
#454286524
0!
#454390528
1!
#454494532
0!
#454598536
1!
#454703000
0!
#454807004
1!
#454911008
0!
#455015012
1!
#455119016
0!
#455223020
1!
#455327024
0!
#455431028
1!
#455535032
0!
#455639036
1!
#455743500
0!
#455847504
1!
#455951508
0!
#456055512
1!
#456159516
0!
#456263520
1!
#456367524
0!
#456471528
1!
#456575532
0!
#456679536
1!
#456784000
0!
#456888004
1!
#456992008
0!
#457096012
1!
#457200016
0!
#457304020
1!
#457408024
0!
#457512028
1!
#457616032
0!
#457720036
1!
#457824500
0!
#457928504
1!
#458032508
0!
#458136512
1!
#458240516
0!
#458344520
1!
#458448524
0!
#458552528
1!
#458656532
0!
#458760536
1!
#458865000
0!
#458969004
1!
#459073008
0!
#459177012
1!
#459281016
0!
#459385020
1!
#459489024
0!
#459593028
1!
#459697032
0!
#459801036
1!
#459905500
0!
#460009504
1!
#460113508
0!
#460217512
1!
#460321516
0!
#460425520
1!
#460529524
0!
#460633528
1!
#460737532
0!
#460841536
1!
#460946000
0!
#461050004
1!
#461154008
0!
#461258012
1!
#461362016
0!
#461466020
1!
#461570024
0!
#461674028
1!
#461778032
0!
#461882036
1!
#461986500
0!
#462090504
1!
#462194508
0!
#462298512
1!
#462402516
0!
#462506520
1!
#462610524
0!
#462714528
1!
#462818532
0!
#462922536
1!
#463027000
0!
#463131004
1!
#463235008
0!
#463339012
1!
#463443016
0!
#463547020
1!
#463651024
0!
#463755028
1!
#463859032
0!
#463963036
1!
#464067500
0!
#464171504
1!
#464275508
0!
#464379512
1!
#464483516
0!
#464587520
1!
#464691524
0!
#464795528
1!
#464899532
0!
#465003536
1!
#465108000
0!
#465212004
1!
#465316008
0!
#465420012
1!
#465524016
0!
#465628020
1!
#465732024
0!
#465836028
1!
#465940032
0!
#466044036
1!
#466148500
0!
#466252504
1!
#466356508
0!
#466460512
1!
#466564516
0!
#466668520
1!
#466772524
0!
#466876528
1!
#466980532
0!
#467084536
1!
#467189000
0!
#467293004
1!
#467397008
0!
#467501012
1!
#467605016
0!
#467709020
1!
#467813024
0!
#467917028
1!
#468021032
0!
#468125036
1!
#468229500
0!
#468333504
1!
#468437508
0!
#468541512
1!
#468645516
0!
#468749520
1!
#468853524
0!
#468957528
1!
#469061532
0!
#469165536
1!
#469270000
0!
#469374004
1!
#469478008
0!
#469582012
1!
#469686016
0!
#469790020
1!
#469894024
0!
#469998028
1!
#470102032
0!
#470206036
1!
#470310500
0!
#470414504
1!
#470518508
0!
#470622512
1!
#470726516
0!
#470830520
1!
#470934524
0!
#471038528
1!
#471142532
0!
#471246536
1!
#471351000
0!
#471455004
1!
#471559008
0!
#471663012
1!
#471767016
0!
#471871020
1!
#471975024
0!
#472079028
1!
#472183032
0!
#472287036
1!
#472391500
0!
#472495504
1!
#472599508
0!
#472703512
1!
#472807516
0!
#472911520
1!
#473015524
0!
#473119528
1!
#473223532
0!
#473327536
1!
#473432000
0!
#473536004
1!
#473640008
0!
#473744012
1!
#473848016
0!
#473952020
1!
#474056024
0!
#474160028
1!
#474264032
0!
#474368036
1!
#474472500
0!
#474576504
1!
#474680508
0!
#474784512
1!
#474888516
0!
#474992520
1!
#475096524
0!
#475200528
1!
#475304532
0!
#475408536
1!
#475513000
0!
#475617004
1!
#475721008
0!
#475825012
1!
#475929016
0!
#476033020
1!
#476137024
0!
#476241028
1!
#476345032
0!
#476449036
1!
#476553500
0!
#476657504
1!
#476761508
0!
#476865512
1!
#476969516
0!
#477073520
1!
#477177524
0!
#477281528
1!
#477385532
0!
#477489536
1!
#477594000
0!
#477698004
1!
#477802008
0!
#477906012
1!
#478010016
0!
#478114020
1!
#478218024
0!
#478322028
1!
#478426032
0!
#478530036
1!
#478634500
0!
#478738504
1!
#478842508
0!
#478946512
1!
#479050516
0!
#479154520
1!
#479258524
0!
#479362528
1!
#479466532
0!
#479570536
1!
#479675000
0!
#479779004
1!
#479883008
0!
#479987012
1!
#480091016
0!
#480195020
1!
#480299024
0!
#480403028
1!
#480507032
0!
#480611036
1!
#480715500
0!
#480819504
1!
#480923508
0!
#481027512
1!
#481131516
0!
#481235520
1!
#481339524
0!
#481443528
1!
#481547532
0!
#481651536
1!
#481756000
0!
#481860004
1!
#481964008
0!
#482068012
1!
#482172016
0!
#482276020
1!
#482380024
0!
#482484028
1!
#482588032
0!
#482692036
1!
#482796500
0!
#482900504
1!
#483004508
0!
#483108512
1!
#483212516
0!
#483316520
1!
#483420524
0!
#483524528
1!
#483628532
0!
#483732536
1!
#483837000
0!
#483941004
1!
#484045008
0!
#484149012
1!
#484253016
0!
#484357020
1!
#484461024
0!
#484565028
1!
#484669032
0!
#484773036
1!
#484877500
0!
#484981504
1!
#485085508
0!
#485189512
1!
#485293516
0!
#485397520
1!
#485501524
0!
#485605528
1!
#485709532
0!
#485813536
1!
#485918000
0!
#486022004
1!
#486126008
0!
#486230012
1!
#486334016
0!
#486438020
1!
#486542024
0!
#486646028
1!
#486750032
0!
#486854036
1!
#486958500
0!
#487062504
1!
#487166508
0!
#487270512
1!
#487374516
0!
#487478520
1!
#487582524
0!
#487686528
1!
#487790532
0!
#487894536
1!
#487999000
0!
#488103004
1!
#488207008
0!
#488311012
1!
#488415016
0!
#488519020
1!
#488623024
0!
#488727028
1!
#488831032
0!
#488935036
1!
#489039500
0!
#489143504
1!
#489247508
0!
#489351512
1!
#489455516
0!
#489559520
1!
#489663524
0!
#489767528
1!
#489871532
0!
#489975536
1!
#490080000
0!
#490184004
1!
#490288008
0!
#490392012
1!
#490496016
0!
#490600020
1!
#490704024
0!
#490808028
1!
#490912032
0!
#491016036
1!
#491120500
0!
#491224504
1!
#491328508
0!
#491432512
1!
#491536516
0!
#491640520
1!
#491744524
0!
#491848528
1!
#491952532
0!
#492056536
1!
#492161000
0!
#492265004
1!
#492369008
0!
#492473012
1!
#492577016
0!
#492681020
1!
#492785024
0!
#492889028
1!
#492993032
0!
#493097036
1!
#493201500
0!
#493305504
1!
#493409508
0!
#493513512
1!
#493617516
0!
#493721520
1!
#493825524
0!
#493929528
1!
#494033532
0!
#494137536
1!
#494242000
0!
#494346004
1!
#494450008
0!
#494554012
1!
#494658016
0!
#494762020
1!
#494866024
0!
#494970028
1!
#495074032
0!
#495178036
1!
#495282500
0!
#495386504
1!
#495490508
0!
#495594512
1!
#495698516
0!
#495802520
1!
#495906524
0!
#496010528
1!
#496114532
0!
#496218536
1!
#496323000
0!
#496427004
1!
#496531008
0!
#496635012
1!
#496739016
0!
#496843020
1!
#496947024
0!
#497051028
1!
#497155032
0!
#497259036
1!
#497363500
0!
#497467504
1!
#497571508
0!
#497675512
1!
#497779516
0!
#497883520
1!
#497987524
0!
#498091528
1!
#498195532
0!
#498299536
1!
#498404000
0!
#498508004
1!
#498612008
0!
#498716012
1!
#498820016
0!
#498924020
1!
#499028024
0!
#499132028
1!
#499236032
0!
#499340036
1!
#499444500
0!
#499548504
1!
#499652508
0!
#499756512
1!
#499860516
0!
#499964520
1!
#500068524
0!
#500172528
1!
#500276532
0!
#500380536
1!
#500484999
0!
#500589004
1!
#500693008
0!
#500797012
1!
#500901016
0!
#501005020
1!
#501109024
0!
#501213028
1!
#501317032
0!
#501421036
1!
#501525499
0!
#501629504
1!
#501733508
0!
#501837512
1!
#501941516
0!
#502045520
1!
#502149524
0!
#502253528
1!
#502357532
0!
#502461536
1!
#502565999
0!
#502670004
1!
#502774008
0!
#502878012
1!
#502982016
0!
#503086020
1!
#503190024
0!
#503294028
1!
#503398032
0!
#503502036
1!
#503606499
0!
#503710504
1!
#503814508
0!
#503918512
1!
#504022516
0!
#504126520
1!
#504230524
0!
#504334528
1!
#504438532
0!
#504542536
1!
#504646999
0!
#504751004
1!
#504855008
0!
#504959012
1!
#505063016
0!
#505167020
1!
#505271024
0!
#505375028
1!
#505479032
0!
#505583036
1!
#505687499
0!
#505791504
1!
#505895508
0!
#505999512
1!
#506103516
0!
#506207520
1!
#506311524
0!
#506415528
1!
#506519532
0!
#506623536
1!
#506727999
0!
#506832004
1!
#506936008
0!
#507040012
1!
#507144016
0!
#507248020
1!
#507352024
0!
#507456028
1!
#507560032
0!
#507664036
1!
#507768499
0!
#507872504
1!
#507976508
0!
#508080512
1!
#508184516
0!
#508288520
1!
#508392524
0!
#508496528
1!
#508600532
0!
#508704536
1!
#508808999
0!
#508913004
1!
#509017008
0!
#509121012
1!
#509225016
0!
#509329020
1!
#509433024
0!
#509537028
1!
#509641032
0!
#509745036
1!
#509849499
0!
#509953504
1!
#510057508
0!
#510161512
1!
#510265516
0!
#510369520
1!
#510473524
0!
#510577528
1!
#510681532
0!
#510785536
1!
#510889999
0!
#510994004
1!
#511098008
0!
#511202012
1!
#511306016
0!
#511410020
1!
#511514024
0!
#511618028
1!
#511722032
0!
#511826036
1!
#511930499
0!
#512034504
1!
#512138508
0!
#512242512
1!
#512346516
0!
#512450520
1!
#512554524
0!
#512658528
1!
#512762532
0!
#512866536
1!
#512970999
0!
#513075004
1!
#513179008
0!
#513283012
1!
#513387016
0!
#513491020
1!
#513595024
0!
#513699028
1!
#513803032
0!
#513907036
1!
#514011499
0!
#514115504
1!
#514219508
0!
#514323512
1!
#514427516
0!
#514531520
1!
#514635524
0!
#514739528
1!
#514843532
0!
#514947536
1!
#515051999
0!
#515156004
1!
#515260008
0!
#515364012
1!
#515468016
0!
#515572020
1!
#515676024
0!
#515780028
1!
#515884032
0!
#515988036
1!
#516092499
0!
#516196504
1!
#516300508
0!
#516404512
1!
#516508516
0!
#516612520
1!
#516716524
0!
#516820528
1!
#516924532
0!
#517028536
1!
#517132999
0!
#517237004
1!
#517341008
0!
#517445012
1!
#517549016
0!
#517653020
1!
#517757024
0!
#517861028
1!
#517965032
0!
#518069036
1!
#518173499
0!
#518277504
1!
#518381508
0!
#518485512
1!
#518589516
0!
#518693520
1!
#518797524
0!
#518901528
1!
#519005532
0!
#519109536
1!
#519213999
0!
#519318004
1!
#519422008
0!
#519526012
1!
#519630016
0!
#519734020
1!
#519838024
0!
#519942028
1!
#520046032
0!
#520150036
1!
#520254499
0!
#520358504
1!
#520462508
0!
#520566512
1!
#520670516
0!
#520774520
1!
#520878524
0!
#520982528
1!
#521086532
0!
#521190536
1!
#521294999
0!
#521399004
1!
#521503008
0!
#521607012
1!
#521711016
0!
#521815020
1!
#521919024
0!
#522023028
1!
#522127032
0!
#522231036
1!
#522335499
0!
#522439504
1!
#522543508
0!
#522647512
1!
#522751516
0!
#522855520
1!
#522959524
0!
#523063528
1!
#523167532
0!
#523271536
1!
#523375999
0!
#523480004
1!
#523584008
0!
#523688012
1!
#523792016
0!
#523896020
1!
#524000024
0!
#524104028
1!
#524208032
0!
#524312036
1!
#524416499
0!
#524520503
1!
#524624507
0!
#524728511
1!
#524832515
0!
#524936519
1!
#525040523
0!
#525144527
1!
#525248531
0!
#525352535
1!
#525456999
0!
#525561003
1!
#525665007
0!
#525769011
1!
#525873015
0!
#525977019
1!
#526081023
0!
#526185027
1!
#526289031
0!
#526393035
1!
#526497499
0!
#526601503
1!
#526705507
0!
#526809511
1!
#526913515
0!
#527017519
1!
#527121523
0!
#527225527
1!
#527329531
0!
#527433535
1!
#527537999
0!
#527642003
1!
#527746007
0!
#527850011
1!
#527954015
0!
#528058019
1!
#528162023
0!
#528266027
1!
#528370031
0!
#528474035
1!
#528578499
0!
#528682503
1!
#528786507
0!
#528890511
1!
#528994515
0!
#529098519
1!
#529202523
0!
#529306527
1!
#529410531
0!
#529514535
1!
#529618999
0!
#529723003
1!
#529827007
0!
#529931011
1!
#530035015
0!
#530139019
1!
#530243023
0!
#530347027
1!
#530451031
0!
#530555035
1!
#530659499
0!
#530763503
1!
#530867507
0!
#530971511
1!
#531075515
0!
#531179519
1!
#531283523
0!
#531387527
1!
#531491531
0!
#531595535
1!
#531699999
0!
#531804003
1!
#531908007
0!
#532012011
1!
#532116015
0!
#532220019
1!
#532324023
0!
#532428027
1!
#532532031
0!
#532636035
1!
#532740499
0!
#532844503
1!
#532948507
0!
#533052511
1!
#533156515
0!
#533260519
1!
#533364523
0!
#533468527
1!
#533572531
0!
#533676535
1!
#533780999
0!
#533885003
1!
#533989007
0!
#534093011
1!
#534197015
0!
#534301019
1!
#534405023
0!
#534509027
1!
#534613031
0!
#534717035
1!
#534821499
0!
#534925503
1!
#535029507
0!
#535133511
1!
#535237515
0!
#535341519
1!
#535445523
0!
#535549527
1!
#535653531
0!
#535757535
1!
#535861999
0!
#535966003
1!
#536070007
0!
#536174011
1!
#536278015
0!
#536382019
1!
#536486023
0!
#536590027
1!
#536694031
0!
#536798035
1!
#536902500
0!
#537006503
1!
#537110507
0!
#537214511
1!
#537318515
0!
#537422519
1!
#537526523
0!
#537630527
1!
#537734531
0!
#537838535
1!
#537943000
0!
#538047003
1!
#538151007
0!
#538255011
1!
#538359015
0!
#538463019
1!
#538567023
0!
#538671027
1!
#538775031
0!
#538879035
1!
#538983500
0!
#539087503
1!
#539191507
0!
#539295511
1!
#539399515
0!
#539503519
1!
#539607523
0!
#539711527
1!
#539815531
0!
#539919535
1!
#540024000
0!
#540128003
1!
#540232007
0!
#540336011
1!
#540440015
0!
#540544019
1!
#540648023
0!
#540752027
1!
#540856031
0!
#540960035
1!
#541064500
0!
#541168503
1!
#541272507
0!
#541376511
1!
#541480515
0!
#541584519
1!
#541688523
0!
#541792527
1!
#541896531
0!
#542000535
1!
#542105000
0!
#542209003
1!
#542313007
0!
#542417011
1!
#542521015
0!
#542625019
1!
#542729023
0!
#542833027
1!
#542937031
0!
#543041035
1!
#543145500
0!
#543249503
1!
#543353507
0!
#543457511
1!
#543561515
0!
#543665519
1!
#543769523
0!
#543873527
1!
#543977531
0!
#544081535
1!
#544186000
0!
#544290003
1!
#544394007
0!
#544498011
1!
#544602015
0!
#544706019
1!
#544810023
0!
#544914027
1!
#545018031
0!
#545122035
1!
#545226500
0!
#545330503
1!
#545434507
0!
#545538511
1!
#545642515
0!
#545746519
1!
#545850523
0!
#545954527
1!
#546058531
0!
#546162535
1!
#546267000
0!
#546371003
1!
#546475007
0!
#546579011
1!
#546683015
0!
#546787019
1!
#546891023
0!
#546995027
1!
#547099031
0!
#547203035
1!
#547307500
0!
#547411503
1!
#547515507
0!
#547619511
1!
#547723515
0!
#547827519
1!
#547931523
0!
#548035527
1!
#548139531
0!
#548243535
1!
#548348000
0!
#548452003
1!
#548556007
0!
#548660011
1!
#548764015
0!
#548868019
1!
#548972023
0!
#549076027
1!
#549180031
0!
#549284035
1!
#549388500
0!
#549492503
1!
#549596507
0!
#549700511
1!
#549804515
0!
#549908519
1!
#550012523
0!
#550116527
1!
#550220531
0!
#550324535
1!
#550429000
0!
#550533003
1!
#550637007
0!
#550741011
1!
#550845015
0!
#550949019
1!
#551053023
0!
#551157027
1!
#551261031
0!
#551365035
1!
#551469500
0!
#551573503
1!
#551677507
0!
#551781511
1!
#551885515
0!
#551989519
1!
#552093523
0!
#552197527
1!
#552301531
0!
#552405535
1!
#552510000
0!
#552614003
1!
#552718007
0!
#552822011
1!
#552926015
0!
#553030019
1!
#553134023
0!
#553238027
1!
#553342031
0!
#553446035
1!
#553550500
0!
#553654503
1!
#553758507
0!
#553862511
1!
#553966515
0!
#554070519
1!
#554174523
0!
#554278527
1!
#554382531
0!
#554486535
1!
#554591000
0!
#554695003
1!
#554799007
0!
#554903011
1!
#555007015
0!
#555111019
1!
#555215023
0!
#555319027
1!
#555423031
0!
#555527035
1!
#555631500
0!
#555735503
1!
#555839507
0!
#555943511
1!
#556047515
0!
#556151519
1!
#556255523
0!
#556359527
1!
#556463531
0!
#556567535
1!
#556672000
0!
#556776003
1!
#556880007
0!
#556984011
1!
#557088015
0!
#557192019
1!
#557296023
0!
#557400027
1!
#557504031
0!
#557608035
1!
#557712500
0!
#557816503
1!
#557920507
0!
#558024511
1!
#558128515
0!
#558232519
1!
#558336523
0!
#558440527
1!
#558544531
0!
#558648535
1!
#558753000
0!
#558857003
1!
#558961007
0!
#559065011
1!
#559169015
0!
#559273019
1!
#559377023
0!
#559481027
1!
#559585031
0!
#559689035
1!
#559793500
0!
#559897503
1!
#560001507
0!
#560105511
1!
#560209515
0!
#560313519
1!
#560417523
0!
#560521527
1!
#560625531
0!
#560729535
1!
#560834000
0!
#560938003
1!
#561042007
0!
#561146011
1!
#561250015
0!
#561354019
1!
#561458023
0!
#561562027
1!
#561666031
0!
#561770035
1!
#561874500
0!
#561978503
1!
#562082507
0!
#562186511
1!
#562290515
0!
#562394519
1!
#562498523
0!
#562602527
1!
#562706531
0!
#562810535
1!
#562915000
0!
#563019003
1!
#563123007
0!
#563227011
1!
#563331015
0!
#563435019
1!
#563539023
0!
#563643027
1!
#563747031
0!
#563851035
1!
#563955500
0!
#564059503
1!
#564163507
0!
#564267511
1!
#564371515
0!
#564475519
1!
#564579523
0!
#564683527
1!
#564787531
0!
#564891535
1!
#564996000
0!
#565100003
1!
#565204007
0!
#565308011
1!
#565412015
0!
#565516019
1!
#565620023
0!
#565724027
1!
#565828031
0!
#565932035
1!
#566036500
0!
#566140503
1!
#566244507
0!
#566348511
1!
#566452515
0!
#566556519
1!
#566660523
0!
#566764527
1!
#566868531
0!
#566972535
1!
#567077000
0!
#567181003
1!
#567285007
0!
#567389011
1!
#567493015
0!
#567597019
1!
#567701023
0!
#567805027
1!
#567909031
0!
#568013035
1!
#568117500
0!
#568221503
1!
#568325507
0!
#568429511
1!
#568533515
0!
#568637519
1!
#568741523
0!
#568845527
1!
#568949531
0!
#569053535
1!
#569158000
0!
#569262003
1!
#569366007
0!
#569470011
1!
#569574015
0!
#569678019
1!
#569782023
0!
#569886027
1!
#569990031
0!
#570094035
1!
#570198500
0!
#570302503
1!
#570406507
0!
#570510511
1!
#570614515
0!
#570718519
1!
#570822523
0!
#570926527
1!
#571030531
0!
#571134535
1!
#571239000
0!
#571343003
1!
#571447007
0!
#571551011
1!
#571655015
0!
#571759019
1!
#571863023
0!
#571967027
1!
#572071031
0!
#572175035
1!
#572279500
0!
#572383503
1!
#572487507
0!
#572591511
1!
#572695515
0!
#572799519
1!
#572903523
0!
#573007527
1!
#573111531
0!
#573215535
1!
#573320000
0!
#573424003
1!
#573528007
0!
#573632011
1!
#573736015
0!
#573840019
1!
#573944023
0!
#574048027
1!
#574152031
0!
#574256035
1!
#574360500
0!
#574464503
1!
#574568507
0!
#574672511
1!
#574776515
0!
#574880519
1!
#574984523
0!
#575088527
1!
#575192531
0!
#575296535
1!
#575401000
0!
#575505003
1!
#575609007
0!
#575713011
1!
#575817015
0!
#575921019
1!
#576025023
0!
#576129027
1!
#576233031
0!
#576337035
1!
#576441500
0!
#576545503
1!
#576649507
0!
#576753511
1!
#576857515
0!
#576961519
1!
#577065523
0!
#577169527
1!
#577273531
0!
#577377535
1!
#577482000
0!
#577586003
1!
#577690007
0!
#577794011
1!
#577898015
0!
#578002019
1!
#578106023
0!
#578210027
1!
#578314031
0!
#578418035
1!
#578522500
0!
#578626503
1!
#578730507
0!
#578834511
1!
#578938515
0!
#579042519
1!
#579146523
0!
#579250527
1!
#579354531
0!
#579458535
1!
#579563000
0!
#579667003
1!
#579771007
0!
#579875011
1!
#579979015
0!
#580083019
1!
#580187023
0!
#580291027
1!
#580395031
0!
#580499035
1!
#580603500
0!
#580707503
1!
#580811507
0!
#580915511
1!
#581019515
0!
#581123519
1!
#581227523
0!
#581331527
1!
#581435531
0!
#581539535
1!
#581644000
0!
#581748003
1!
#581852007
0!
#581956011
1!
#582060015
0!
#582164019
1!
#582268023
0!
#582372027
1!
#582476031
0!
#582580035
1!
#582684500
0!
#582788503
1!
#582892507
0!
#582996511
1!
#583100515
0!
#583204519
1!
#583308523
0!
#583412527
1!
#583516531
0!
#583620535
1!
#583725000
0!
#583829003
1!
#583933007
0!
#584037011
1!
#584141015
0!
#584245019
1!
#584349023
0!
#584453027
1!
#584557031
0!
#584661035
1!
#584765500
0!
#584869503
1!
#584973507
0!
#585077511
1!
#585181515
0!
#585285519
1!
#585389523
0!
#585493527
1!
#585597531
0!
#585701535
1!
#585806000
0!
#585910003
1!
#586014007
0!
#586118011
1!
#586222015
0!
#586326019
1!
#586430023
0!
#586534027
1!
#586638031
0!
#586742035
1!
#586846500
0!
#586950503
1!
#587054507
0!
#587158511
1!
#587262515
0!
#587366519
1!
#587470523
0!
#587574527
1!
#587678531
0!
#587782535
1!
#587887000
0!
#587991003
1!
#588095007
0!
#588199011
1!
#588303015
0!
#588407019
1!
#588511023
0!
#588615027
1!
#588719031
0!
#588823035
1!
#588927500
0!
#589031503
1!
#589135507
0!
#589239511
1!
#589343515
0!
#589447519
1!
#589551523
0!
#589655527
1!
#589759531
0!
#589863535
1!
#589968000
0!
#590072003
1!
#590176007
0!
#590280011
1!
#590384015
0!
#590488019
1!
#590592023
0!
#590696027
1!
#590800031
0!
#590904035
1!
#591008500
0!
#591112503
1!
#591216507
0!
#591320511
1!
#591424515
0!
#591528519
1!
#591632523
0!
#591736527
1!
#591840531
0!
#591944535
1!
#592049000
0!
#592153003
1!
#592257007
0!
#592361011
1!
#592465015
0!
#592569019
1!
#592673023
0!
#592777027
1!
#592881031
0!
#592985035
1!
#593089500
0!
#593193503
1!
#593297507
0!
#593401511
1!
#593505515
0!
#593609519
1!
#593713523
0!
#593817527
1!
#593921531
0!
#594025535
1!
#594130000
0!
#594234003
1!
#594338007
0!
#594442011
1!
#594546015
0!
#594650019
1!
#594754023
0!
#594858027
1!
#594962031
0!
#595066035
1!
#595170500
0!
#595274503
1!
#595378507
0!
#595482511
1!
#595586515
0!
#595690519
1!
#595794523
0!
#595898527
1!
#596002531
0!
#596106535
1!
#596211000
0!
#596315003
1!
#596419007
0!
#596523011
1!
#596627015
0!
#596731019
1!
#596835023
0!
#596939027
1!
#597043031
0!
#597147035
1!
#597251500
0!
#597355503
1!
#597459507
0!
#597563511
1!
#597667515
0!
#597771519
1!
#597875523
0!
#597979527
1!
#598083531
0!
#598187535
1!
#598292000
0!
#598396003
1!
#598500007
0!
#598604011
1!
#598708015
0!
#598812019
1!
#598916023
0!
#599020027
1!
#599124031
0!
#599228035
1!
#599332500
0!
#599436503
1!
#599540507
0!
#599644511
1!
#599748515
0!
#599852519
1!
#599956523
0!
#600060527
1!
#600164531
0!
#600268535
1!
#600373000
0!
#600477003
1!
#600581007
0!
#600685011
1!
#600789015
0!
#600893019
1!
#600997023
0!
#601101027
1!
#601205031
0!
#601309035
1!
#601413500
0!
#601517503
1!
#601621507
0!
#601725511
1!
#601829515
0!
#601933519
1!
#602037523
0!
#602141527
1!
#602245531
0!
#602349535
1!
#602454000
0!
#602558003
1!
#602662007
0!
#602766011
1!
#602870015
0!
#602974019
1!
#603078023
0!
#603182027
1!
#603286031
0!
#603390035
1!
#603494500
0!
#603598503
1!
#603702507
0!
#603806511
1!
#603910515
0!
#604014519
1!
#604118523
0!
#604222527
1!
#604326531
0!
#604430535
1!
#604535000
0!
#604639003
1!
#604743007
0!
#604847011
1!
#604951015
0!
#605055019
1!
#605159023
0!
#605263027
1!
#605367031
0!
#605471035
1!
#605575500
0!
#605679503
1!
#605783507
0!
#605887511
1!
#605991515
0!
#606095519
1!
#606199523
0!
#606303527
1!
#606407531
0!
#606511535
1!
#606616000
0!
#606720003
1!
#606824007
0!
#606928011
1!
#607032015
0!
#607136019
1!
#607240023
0!
#607344027
1!
#607448031
0!
#607552035
1!
#607656500
0!
#607760503
1!
#607864507
0!
#607968511
1!
#608072515
0!
#608176519
1!
#608280523
0!
#608384527
1!
#608488531
0!
#608592535
1!
#608697000
0!
#608801003
1!
#608905007
0!
#609009011
1!
#609113015
0!
#609217019
1!
#609321023
0!
#609425027
1!
#609529031
0!
#609633035
1!
#609737500
0!
#609841503
1!
#609945507
0!
#610049511
1!
#610153515
0!
#610257519
1!
#610361523
0!
#610465527
1!
#610569531
0!
#610673535
1!
#610778000
0!
#610882003
1!
#610986007
0!
#611090011
1!
#611194015
0!
#611298019
1!
#611402023
0!
#611506027
1!
#611610031
0!
#611714035
1!
#611818500
0!
#611922503
1!
#612026507
0!
#612130511
1!
#612234515
0!
#612338519
1!
#612442523
0!
#612546527
1!
#612650531
0!
#612754535
1!
#612859000
0!
#612963003
1!
#613067007
0!
#613171011
1!
#613275015
0!
#613379019
1!
#613483023
0!
#613587027
1!
#613691031
0!
#613795035
1!
#613899500
0!
#614003503
1!
#614107507
0!
#614211511
1!
#614315515
0!
#614419519
1!
#614523523
0!
#614627527
1!
#614731531
0!
#614835535
1!
#614940000
0!
#615044003
1!
#615148007
0!
#615252011
1!
#615356015
0!
#615460019
1!
#615564023
0!
#615668027
1!
#615772031
0!
#615876035
1!
#615980500
0!
#616084503
1!
#616188507
0!
#616292511
1!
#616396515
0!
#616500519
1!
#616604523
0!
#616708527
1!
#616812531
0!
#616916535
1!
#617021000
0!
#617125003
1!
#617229007
0!
#617333011
1!
#617437015
0!
#617541019
1!
#617645023
0!
#617749027
1!
#617853031
0!
#617957035
1!
#618061500
0!
#618165503
1!
#618269507
0!
#618373511
1!
#618477515
0!
#618581519
1!
#618685523
0!
#618789527
1!
#618893531
0!
#618997535
1!
#619102000
0!
#619206003
1!
#619310007
0!
#619414011
1!
#619518015
0!
#619622019
1!
#619726023
0!
#619830027
1!
#619934031
0!
#620038035
1!
#620142500
0!
#620246503
1!
#620350507
0!
#620454511
1!
#620558515
0!
#620662519
1!
#620766523
0!
#620870527
1!
#620974531
0!
#621078535
1!
#621183000
0!
#621287003
1!
#621391007
0!
#621495011
1!
#621599015
0!
#621703019
1!
#621807023
0!
#621911027
1!
#622015031
0!
#622119035
1!
#622223500
0!
#622327503
1!
#622431507
0!
#622535511
1!
#622639515
0!
#622743519
1!
#622847523
0!
#622951527
1!
#623055531
0!
#623159535
1!
#623264000
0!
#623368003
1!
#623472007
0!
#623576011
1!
#623680015
0!
#623784019
1!
#623888023
0!
#623992027
1!
#624096031
0!
#624200035
1!
#624304500
0!
#624408503
1!
#624512507
0!
#624616511
1!
#624720515
0!
#624824519
1!
#624928523
0!
#625032527
1!
#625136531
0!
#625240535
1!
#625345000
0!
#625449003
1!
#625553007
0!
#625657011
1!
#625761015
0!
#625865019
1!
#625969023
0!
#626073027
1!
#626177031
0!
#626281035
1!
#626385500
0!
#626489503
1!
#626593507
0!
#626697511
1!
#626801515
0!
#626905519
1!
#627009523
0!
#627113527
1!
#627217531
0!
#627321535
1!
#627426000
0!
#627530003
1!
#627634007
0!
#627738011
1!
#627842015
0!
#627946019
1!
#628050023
0!
#628154027
1!
#628258031
0!
#628362035
1!
#628466500
0!
#628570503
1!
#628674507
0!
#628778511
1!
#628882515
0!
#628986519
1!
#629090523
0!
#629194527
1!
#629298531
0!
#629402535
1!
#629507000
0!
#629611003
1!
#629715007
0!
#629819011
1!
#629923015
0!
#630027019
1!
#630131023
0!
#630235027
1!
#630339031
0!
#630443035
1!
#630547500
0!
#630651503
1!
#630755507
0!
#630859511
1!
#630963515
0!
#631067519
1!
#631171523
0!
#631275527
1!
#631379531
0!
#631483535
1!
#631588000
0!
#631692003
1!
#631796007
0!
#631900011
1!
#632004015
0!
#632108019
1!
#632212023
0!
#632316027
1!
#632420031
0!
#632524035
1!
#632628500
0!
#632732503
1!
#632836507
0!
#632940511
1!
#633044515
0!
#633148519
1!
#633252523
0!
#633356527
1!
#633460531
0!
#633564535
1!
#633669000
0!
#633773003
1!
#633877007
0!
#633981011
1!
#634085015
0!
#634189019
1!
#634293023
0!
#634397027
1!
#634501031
0!
#634605035
1!
#634709500
0!
#634813503
1!
#634917507
0!
#635021511
1!
#635125515
0!
#635229519
1!
#635333523
0!
#635437527
1!
#635541531
0!
#635645535
1!
#635750000
0!
#635854003
1!
#635958007
0!
#636062011
1!
#636166015
0!
#636270019
1!
#636374023
0!
#636478027
1!
#636582031
0!
#636686035
1!
#636790500
0!
#636894503
1!
#636998507
0!
#637102511
1!
#637206515
0!
#637310519
1!
#637414523
0!
#637518527
1!
#637622531
0!
#637726535
1!
#637831000
0!
#637935003
1!
#638039007
0!
#638143011
1!
#638247015
0!
#638351019
1!
#638455023
0!
#638559027
1!
#638663031
0!
#638767035
1!
#638871500
0!
#638975503
1!
#639079507
0!
#639183511
1!
#639287515
0!
#639391519
1!
#639495523
0!
#639599527
1!
#639703531
0!
#639807535
1!
#639912000
0!
#640016003
1!
#640120007
0!
#640224011
1!
#640328015
0!
#640432019
1!
#640536023
0!
#640640027
1!
#640744031
0!
#640848035
1!
#640952500
0!
#641056503
1!
#641160507
0!
#641264511
1!
#641368515
0!
#641472519
1!
#641576523
0!
#641680527
1!
#641784531
0!
#641888535
1!
#641993000
0!
#642097003
1!
#642201007
0!
#642305011
1!
#642409015
0!
#642513019
1!
#642617023
0!
#642721027
1!
#642825031
0!
#642929035
1!
#643033500
0!
#643137503
1!
#643241507
0!
#643345511
1!
#643449515
0!
#643553519
1!
#643657523
0!
#643761527
1!
#643865531
0!
#643969535
1!
#644074000
0!
#644178003
1!
#644282007
0!
#644386011
1!
#644490015
0!
#644594019
1!
#644698023
0!
#644802027
1!
#644906031
0!
#645010035
1!
#645114500
0!
#645218503
1!
#645322507
0!
#645426511
1!
#645530515
0!
#645634519
1!
#645738523
0!
#645842527
1!
#645946531
0!
#646050535
1!
#646155000
0!
#646259003
1!
#646363007
0!
#646467011
1!
#646571015
0!
#646675019
1!
#646779023
0!
#646883027
1!
#646987031
0!
#647091035
1!
#647195500
0!
#647299503
1!
#647403507
0!
#647507511
1!
#647611515
0!
#647715519
1!
#647819523
0!
#647923527
1!
#648027531
0!
#648131535
1!
#648236000
0!
#648340003
1!
#648444007
0!
#648548011
1!
#648652015
0!
#648756019
1!
#648860023
0!
#648964027
1!
#649068031
0!
#649172035
1!
#649276500
0!
#649380503
1!
#649484507
0!
#649588511
1!
#649692515
0!
#649796519
1!
#649900523
0!
#650004527
1!
#650108531
0!
#650212535
1!
#650317000
0!
#650421003
1!
#650525007
0!
#650629011
1!
#650733015
0!
#650837019
1!
#650941023
0!
#651045027
1!
#651149031
0!
#651253035
1!
#651357500
0!
#651461503
1!
#651565507
0!
#651669511
1!
#651773515
0!
#651877519
1!
#651981523
0!
#652085527
1!
#652189531
0!
#652293535
1!
#652398000
0!
#652502003
1!
#652606007
0!
#652710011
1!
#652814015
0!
#652918019
1!
#653022023
0!
#653126027
1!
#653230031
0!
#653334035
1!
#653438500
0!
#653542503
1!
#653646507
0!
#653750511
1!
#653854515
0!
#653958519
1!
#654062523
0!
#654166527
1!
#654270531
0!
#654374535
1!
#654479000
0!
#654583003
1!
#654687007
0!
#654791011
1!
#654895015
0!
#654999019
1!
#655103023
0!
#655207027
1!
#655311031
0!
#655415035
1!
#655519500
0!
#655623503
1!
#655727507
0!
#655831511
1!
#655935515
0!
#656039519
1!
#656143523
0!
#656247527
1!
#656351531
0!
#656455535
1!
#656560000
0!
#656664003
1!
#656768007
0!
#656872011
1!
#656976015
0!
#657080019
1!
#657184023
0!
#657288027
1!
#657392031
0!
#657496035
1!
#657600500
0!
#657704503
1!
#657808507
0!
#657912511
1!
#658016515
0!
#658120519
1!
#658224523
0!
#658328527
1!
#658432531
0!
#658536535
1!
#658641000
0!
#658745003
1!
#658849007
0!
#658953011
1!
#659057015
0!
#659161019
1!
#659265023
0!
#659369027
1!
#659473031
0!
#659577035
1!
#659681500
0!
#659785503
1!
#659889507
0!
#659993511
1!
#660097515
0!
#660201519
1!
#660305523
0!
#660409527
1!
#660513531
0!
#660617535
1!
#660722000
0!
#660826003
1!
#660930007
0!
#661034011
1!
#661138015
0!
#661242019
1!
#661346023
0!
#661450027
1!
#661554031
0!
#661658035
1!
#661762500
0!
#661866503
1!
#661970507
0!
#662074511
1!
#662178515
0!
#662282519
1!
#662386523
0!
#662490527
1!
#662594531
0!
#662698535
1!
#662803000
0!
#662907003
1!
#663011007
0!
#663115011
1!
#663219015
0!
#663323019
1!
#663427023
0!
#663531027
1!
#663635031
0!
#663739035
1!
#663843500
0!
#663947503
1!
#664051507
0!
#664155511
1!
#664259515
0!
#664363519
1!
#664467523
0!
#664571527
1!
#664675531
0!
#664779535
1!
#664884000
0!
#664988003
1!
#665092007
0!
#665196011
1!
#665300015
0!
#665404019
1!
#665508023
0!
#665612027
1!
#665716031
0!
#665820035
1!
#665924500
0!
#666028503
1!
#666132507
0!
#666236511
1!
#666340515
0!
#666444519
1!
#666548523
0!
#666652527
1!
#666756531
0!
#666860535
1!
#666965000
0!
#667069003
1!
#667173007
0!
#667277011
1!
#667381015
0!
#667485019
1!
#667589023
0!
#667693027
1!
#667797031
0!
#667901035
1!
#668005500
0!
#668109503
1!
#668213507
0!
#668317511
1!
#668421515
0!
#668525519
1!
#668629523
0!
#668733527
1!
#668837531
0!
#668941535
1!
#669046000
0!
#669150003
1!
#669254007
0!
#669358011
1!
#669462015
0!
#669566019
1!
#669670023
0!
#669774027
1!
#669878031
0!
#669982035
1!
#670086500
0!
#670190503
1!
#670294507
0!
#670398511
1!
#670502515
0!
#670606519
1!
#670710523
0!
#670814527
1!
#670918531
0!
#671022535
1!
#671127000
0!
#671231003
1!
#671335007
0!
#671439011
1!
#671543015
0!
#671647019
1!
#671751023
0!
#671855027
1!
#671959031
0!
#672063035
1!
#672167500
0!
#672271503
1!
#672375507
0!
#672479511
1!
#672583515
0!
#672687519
1!
#672791523
0!
#672895527
1!
#672999531
0!
#673103535
1!
#673208000
0!
#673312003
1!
#673416007
0!
#673520011
1!
#673624015
0!
#673728019
1!
#673832023
0!
#673936027
1!
#674040031
0!
#674144035
1!
#674248500
0!
#674352503
1!
#674456507
0!
#674560511
1!
#674664515
0!
#674768519
1!
#674872523
0!
#674976527
1!
#675080531
0!
#675184535
1!
#675289000
0!
#675393003
1!
#675497007
0!
#675601011
1!
#675705015
0!
#675809019
1!
#675913023
0!
#676017027
1!
#676121031
0!
#676225035
1!
#676329500
0!
#676433503
1!
#676537507
0!
#676641511
1!
#676745515
0!
#676849519
1!
#676953523
0!
#677057527
1!
#677161531
0!
#677265535
1!
#677370000
0!
#677474003
1!
#677578007
0!
#677682011
1!
#677786015
0!
#677890019
1!
#677994023
0!
#678098027
1!
#678202031
0!
#678306035
1!
#678410500
0!
#678514503
1!
#678618507
0!
#678722511
1!
#678826515
0!
#678930519
1!
#679034523
0!
#679138527
1!
#679242531
0!
#679346535
1!
#679451000
0!
#679555003
1!
#679659007
0!
#679763011
1!
#679867015
0!
#679971019
1!
#680075023
0!
#680179027
1!
#680283031
0!
#680387035
1!
#680491500
0!
#680595503
1!
#680699507
0!
#680803511
1!
#680907515
0!
#681011519
1!
#681115523
0!
#681219527
1!
#681323531
0!
#681427535
1!
#681532000
0!
#681636003
1!
#681740007
0!
#681844011
1!
#681948015
0!
#682052019
1!
#682156023
0!
#682260027
1!
#682364031
0!
#682468035
1!
#682572500
0!
#682676503
1!
#682780507
0!
#682884511
1!
#682988515
0!
#683092519
1!
#683196523
0!
#683300527
1!
#683404531
0!
#683508535
1!
#683613000
0!
#683717003
1!
#683821007
0!
#683925011
1!
#684029015
0!
#684133019
1!
#684237023
0!
#684341027
1!
#684445031
0!
#684549035
1!
#684653500
0!
#684757503
1!
#684861507
0!
#684965511
1!
#685069515
0!
#685173519
1!
#685277523
0!
#685381527
1!
#685485531
0!
#685589535
1!
#685694000
0!
#685798003
1!
#685902007
0!
#686006011
1!
#686110015
0!
#686214019
1!
#686318023
0!
#686422027
1!
#686526031
0!
#686630035
1!
#686734500
0!
#686838503
1!
#686942507
0!
#687046511
1!
#687150515
0!
#687254519
1!
#687358523
0!
#687462527
1!
#687566531
0!
#687670535
1!
#687775000
0!
#687879003
1!
#687983007
0!
#688087011
1!
#688191015
0!
#688295019
1!
#688399023
0!
#688503027
1!
#688607031
0!
#688711035
1!
#688815500
0!
#688919503
1!
#689023507
0!
#689127511
1!
#689231515
0!
#689335519
1!
#689439523
0!
#689543527
1!
#689647531
0!
#689751535
1!
#689856000
0!
#689960003
1!
#690064007
0!
#690168011
1!
#690272015
0!
#690376019
1!
#690480023
0!
#690584027
1!
#690688031
0!
#690792035
1!
#690896500
0!
#691000503
1!
#691104507
0!
#691208511
1!
#691312515
0!
#691416519
1!
#691520523
0!
#691624527
1!
#691728531
0!
#691832535
1!
#691937000
0!
#692041003
1!
#692145007
0!
#692249011
1!
#692353015
0!
#692457019
1!
#692561023
0!
#692665027
1!
#692769031
0!
#692873035
1!
#692977500
0!
#693081503
1!
#693185507
0!
#693289511
1!
#693393515
0!
#693497519
1!
#693601523
0!
#693705527
1!
#693809531
0!
#693913535
1!
#694018000
0!
#694122003
1!
#694226007
0!
#694330011
1!
#694434015
0!
#694538019
1!
#694642023
0!
#694746027
1!
#694850031
0!
#694954035
1!
#695058500
0!
#695162503
1!
#695266507
0!
#695370511
1!
#695474515
0!
#695578519
1!
#695682523
0!
#695786527
1!
#695890531
0!
#695994535
1!
#696099000
0!
#696203003
1!
#696307007
0!
#696411011
1!
#696515015
0!
#696619019
1!
#696723023
0!
#696827027
1!
#696931031
0!
#697035035
1!
#697139500
0!
#697243503
1!
#697347507
0!
#697451511
1!
#697555515
0!
#697659519
1!
#697763523
0!
#697867527
1!
#697971531
0!
#698075535
1!
#698180000
0!
#698284003
1!
#698388007
0!
#698492011
1!
#698596015
0!
#698700019
1!
#698804023
0!
#698908027
1!
#699012031
0!
#699116035
1!
#699220500
0!
#699324503
1!
#699428507
0!
#699532511
1!
#699636515
0!
#699740519
1!
#699844523
0!
#699948527
1!
#700052531
0!
#700156535
1!
#700261000
0!
#700365003
1!
#700469007
0!
#700573011
1!
#700677015
0!
#700781019
1!
#700885023
0!
#700989027
1!
#701093031
0!
#701197035
1!
#701301500
0!
#701405503
1!
#701509507
0!
#701613511
1!
#701717515
0!
#701821519
1!
#701925523
0!
#702029527
1!
#702133531
0!
#702237535
1!
#702342000
0!
#702446003
1!
#702550007
0!
#702654011
1!
#702758015
0!
#702862019
1!
#702966023
0!
#703070027
1!
#703174031
0!
#703278035
1!
#703382500
0!
#703486504
1!
#703590507
0!
#703694511
1!
#703798515
0!
#703902519
1!
#704006523
0!
#704110527
1!
#704214531
0!
#704318535
1!
#704423000
0!
#704527004
1!
#704631007
0!
#704735011
1!
#704839015
0!
#704943019
1!
#705047023
0!
#705151027
1!
#705255031
0!
#705359035
1!
#705463500
0!
#705567504
1!
#705671507
0!
#705775511
1!
#705879515
0!
#705983519
1!
#706087523
0!
#706191527
1!
#706295531
0!
#706399535
1!
#706504000
0!
#706608004
1!
#706712007
0!
#706816011
1!
#706920015
0!
#707024019
1!
#707128023
0!
#707232027
1!
#707336031
0!
#707440035
1!
#707544500
0!
#707648504
1!
#707752507
0!
#707856511
1!
#707960515
0!
#708064519
1!
#708168523
0!
#708272527
1!
#708376531
0!
#708480535
1!
#708585000
0!
#708689004
1!
#708793007
0!
#708897011
1!
#709001015
0!
#709105019
1!
#709209023
0!
#709313027
1!
#709417031
0!
#709521035
1!
#709625500
0!
#709729504
1!
#709833507
0!
#709937511
1!
#710041515
0!
#710145519
1!
#710249523
0!
#710353527
1!
#710457531
0!
#710561535
1!
#710666000
0!
#710770004
1!
#710874007
0!
#710978011
1!
#711082015
0!
#711186019
1!
#711290023
0!
#711394027
1!
#711498031
0!
#711602035
1!
#711706500
0!
#711810504
1!
#711914507
0!
#712018511
1!
#712122515
0!
#712226519
1!
#712330523
0!
#712434527
1!
#712538531
0!
#712642535
1!
#712747000
0!
#712851004
1!
#712955007
0!
#713059011
1!
#713163015
0!
#713267019
1!
#713371023
0!
#713475027
1!
#713579031
0!
#713683035
1!
#713787500
0!
#713891504
1!
#713995507
0!
#714099511
1!
#714203515
0!
#714307519
1!
#714411523
0!
#714515527
1!
#714619531
0!
#714723535
1!
#714828000
0!
#714932004
1!
#715036007
0!
#715140011
1!
#715244015
0!
#715348019
1!
#715452023
0!
#715556027
1!
#715660031
0!
#715764035
1!
#715868500
0!
#715972504
1!
#716076507
0!
#716180511
1!
#716284515
0!
#716388519
1!
#716492523
0!
#716596527
1!
#716700531
0!
#716804535
1!
#716909000
0!
#717013004
1!
#717117007
0!
#717221011
1!
#717325015
0!
#717429019
1!
#717533023
0!
#717637027
1!
#717741031
0!
#717845035
1!
#717949500
0!
#718053504
1!
#718157507
0!
#718261511
1!
#718365515
0!
#718469519
1!
#718573523
0!
#718677527
1!
#718781531
0!
#718885535
1!
#718990000
0!
#719094004
1!
#719198007
0!
#719302011
1!
#719406015
0!
#719510019
1!
#719614023
0!
#719718027
1!
#719822031
0!
#719926035
1!
#720030500
0!
#720134504
1!
#720238507
0!
#720342511
1!
#720446515
0!
#720550519
1!
#720654523
0!
#720758527
1!
#720862531
0!
#720966535
1!
#721071000
0!
#721175004
1!
#721279007
0!
#721383011
1!
#721487015
0!
#721591019
1!
#721695023
0!
#721799027
1!
#721903031
0!
#722007035
1!
#722111500
0!
#722215504
1!
#722319507
0!
#722423511
1!
#722527515
0!
#722631519
1!
#722735523
0!
#722839527
1!
#722943531
0!
#723047535
1!
#723152000
0!
#723256004
1!
#723360007
0!
#723464011
1!
#723568015
0!
#723672019
1!
#723776023
0!
#723880027
1!
#723984031
0!
#724088035
1!
#724192500
0!
#724296504
1!
#724400507
0!
#724504511
1!
#724608515
0!
#724712519
1!
#724816523
0!
#724920527
1!
#725024531
0!
#725128535
1!
#725233000
0!
#725337004
1!
#725441007
0!
#725545011
1!
#725649015
0!
#725753019
1!
#725857023
0!
#725961027
1!
#726065031
0!
#726169035
1!
#726273500
0!
#726377504
1!
#726481507
0!
#726585511
1!
#726689515
0!
#726793519
1!
#726897523
0!
#727001527
1!
#727105531
0!
#727209535
1!
#727314000
0!
#727418004
1!
#727522007
0!
#727626011
1!
#727730015
0!
#727834019
1!
#727938023
0!
#728042027
1!
#728146031
0!
#728250035
1!
#728354500
0!
#728458504
1!
#728562507
0!
#728666511
1!
#728770515
0!
#728874519
1!
#728978523
0!
#729082527
1!
#729186531
0!
#729290535
1!
#729395000
0!
#729499004
1!
#729603007
0!
#729707011
1!
#729811015
0!
#729915019
1!
#730019023
0!
#730123027
1!
#730227031
0!
#730331035
1!
#730435500
0!
#730539504
1!
#730643507
0!
#730747511
1!
#730851515
0!
#730955519
1!
#731059523
0!
#731163527
1!
#731267531
0!
#731371535
1!
#731476000
0!
#731580004
1!
#731684007
0!
#731788011
1!
#731892015
0!
#731996019
1!
#732100023
0!
#732204027
1!
#732308031
0!
#732412035
1!
#732516500
0!
#732620504
1!
#732724507
0!
#732828511
1!
#732932515
0!
#733036519
1!
#733140523
0!
#733244527
1!
#733348531
0!
#733452535
1!
#733557000
0!
#733661004
1!
#733765007
0!
#733869011
1!
#733973015
0!
#734077019
1!
#734181023
0!
#734285027
1!
#734389031
0!
#734493035
1!
#734597500
0!
#734701504
1!
#734805507
0!
#734909511
1!
#735013515
0!
#735117519
1!
#735221523
0!
#735325527
1!
#735429531
0!
#735533535
1!
#735638000
0!
#735742004
1!
#735846007
0!
#735950011
1!
#736054015
0!
#736158019
1!
#736262023
0!
#736366027
1!
#736470031
0!
#736574035
1!
#736678500
0!
#736782504
1!
#736886507
0!
#736990511
1!
#737094515
0!
#737198519
1!
#737302523
0!
#737406527
1!
#737510531
0!
#737614535
1!
#737719000
0!
#737823004
1!
#737927007
0!
#738031011
1!
#738135015
0!
#738239019
1!
#738343023
0!
#738447027
1!
#738551031
0!
#738655035
1!
#738759500
0!
#738863504
1!
#738967507
0!
#739071511
1!
#739175515
0!
#739279519
1!
#739383523
0!
#739487527
1!
#739591531
0!
#739695535
1!
#739800000
0!
#739904004
1!
#740008007
0!
#740112011
1!
#740216015
0!
#740320019
1!
#740424023
0!
#740528027
1!
#740632031
0!
#740736035
1!
#740840500
0!
#740944504
1!
#741048507
0!
#741152511
1!
#741256515
0!
#741360519
1!
#741464523
0!
#741568527
1!
#741672531
0!
#741776535
1!
#741881000
0!
#741985004
1!
#742089007
0!
#742193011
1!
#742297015
0!
#742401019
1!
#742505023
0!
#742609027
1!
#742713031
0!
#742817035
1!
#742921500
0!
#743025504
1!
#743129507
0!
#743233511
1!
#743337515
0!
#743441519
1!
#743545523
0!
#743649527
1!
#743753531
0!
#743857535
1!
#743962000
0!
#744066004
1!
#744170007
0!
#744274011
1!
#744378015
0!
#744482019
1!
#744586023
0!
#744690027
1!
#744794031
0!
#744898035
1!
#745002500
0!
#745106504
1!
#745210507
0!
#745314511
1!
#745418515
0!
#745522519
1!
#745626523
0!
#745730527
1!
#745834531
0!
#745938535
1!
#746043000
0!
#746147004
1!
#746251007
0!
#746355011
1!
#746459015
0!
#746563019
1!
#746667023
0!
#746771027
1!
#746875031
0!
#746979035
1!
#747083500
0!
#747187504
1!
#747291507
0!
#747395511
1!
#747499515
0!
#747603519
1!
#747707523
0!
#747811527
1!
#747915531
0!
#748019535
1!
#748124000
0!
#748228004
1!
#748332007
0!
#748436011
1!
#748540015
0!
#748644019
1!
#748748023
0!
#748852027
1!
#748956031
0!
#749060035
1!
#749164500
0!
#749268504
1!
#749372507
0!
#749476511
1!
#749580515
0!
#749684519
1!
#749788523
0!
#749892527
1!
#749996531
0!
#750100535
1!
#750205000
0!
#750309004
1!
#750413007
0!
#750517011
1!
#750621015
0!
#750725019
1!
#750829023
0!
#750933027
1!
#751037031
0!
#751141035
1!
#751245500
0!
#751349504
1!
#751453507
0!
#751557511
1!
#751661515
0!
#751765519
1!
#751869523
0!
#751973527
1!
#752077531
0!
#752181535
1!
#752286000
0!
#752390004
1!
#752494007
0!
#752598011
1!
#752702015
0!
#752806019
1!
#752910023
0!
#753014027
1!
#753118031
0!
#753222035
1!
#753326500
0!
#753430504
1!
#753534507
0!
#753638511
1!
#753742515
0!
#753846519
1!
#753950523
0!
#754054527
1!
#754158531
0!
#754262535
1!
#754367000
0!
#754471004
1!
#754575007
0!
#754679011
1!
#754783015
0!
#754887019
1!
#754991023
0!
#755095027
1!
#755199031
0!
#755303035
1!
#755407500
0!
#755511504
1!
#755615507
0!
#755719511
1!
#755823515
0!
#755927519
1!
#756031523
0!
#756135527
1!
#756239531
0!
#756343535
1!
#756448000
0!
#756552004
1!
#756656007
0!
#756760011
1!
#756864015
0!
#756968019
1!
#757072023
0!
#757176027
1!
#757280031
0!
#757384035
1!
#757488500
0!
#757592504
1!
#757696507
0!
#757800511
1!
#757904515
0!
#758008519
1!
#758112523
0!
#758216527
1!
#758320531
0!
#758424535
1!
#758529000
0!
#758633004
1!
#758737007
0!
#758841011
1!
#758945015
0!
#759049019
1!
#759153023
0!
#759257027
1!
#759361031
0!
#759465035
1!
#759569500
0!
#759673504
1!
#759777507
0!
#759881511
1!
#759985515
0!
#760089519
1!
#760193523
0!
#760297527
1!
#760401531
0!
#760505535
1!
#760610000
0!
#760714004
1!
#760818007
0!
#760922011
1!
#761026015
0!
#761130019
1!
#761234023
0!
#761338027
1!
#761442031
0!
#761546035
1!
#761650500
0!
#761754504
1!
#761858507
0!
#761962511
1!
#762066515
0!
#762170519
1!
#762274523
0!
#762378527
1!
#762482531
0!
#762586535
1!
#762691000
0!
#762795004
1!
#762899007
0!
#763003011
1!
#763107015
0!
#763211019
1!
#763315023
0!
#763419027
1!
#763523031
0!
#763627035
1!
#763731500
0!
#763835504
1!
#763939507
0!
#764043511
1!
#764147515
0!
#764251519
1!
#764355523
0!
#764459527
1!
#764563531
0!
#764667535
1!
#764772000
0!
#764876004
1!
#764980007
0!
#765084011
1!
#765188015
0!
#765292019
1!
#765396023
0!
#765500027
1!
#765604031
0!
#765708035
1!
#765812500
0!
#765916504
1!
#766020507
0!
#766124511
1!
#766228515
0!
#766332519
1!
#766436523
0!
#766540527
1!
#766644531
0!
#766748535
1!
#766853000
0!
#766957004
1!
#767061007
0!
#767165011
1!
#767269015
0!
#767373019
1!
#767477023
0!
#767581027
1!
#767685031
0!
#767789035
1!
#767893500
0!
#767997504
1!
#768101507
0!
#768205511
1!
#768309515
0!
#768413519
1!
#768517523
0!
#768621527
1!
#768725531
0!
#768829535
1!
#768934000
0!
#769038004
1!
#769142007
0!
#769246011
1!
#769350015
0!
#769454019
1!
#769558023
0!
#769662027
1!
#769766031
0!
#769870035
1!
#769974500
0!
#770078504
1!
#770182507
0!
#770286511
1!
#770390515
0!
#770494519
1!
#770598523
0!
#770702527
1!
#770806531
0!
#770910535
1!
#771015000
0!
#771119004
1!
#771223007
0!
#771327011
1!
#771431015
0!
#771535019
1!
#771639023
0!
#771743027
1!
#771847031
0!
#771951035
1!
#772055500
0!
#772159504
1!
#772263507
0!
#772367511
1!
#772471515
0!
#772575519
1!
#772679523
0!
#772783527
1!
#772887531
0!
#772991535
1!
#773096000
0!
#773200004
1!
#773304007
0!
#773408011
1!
#773512015
0!
#773616019
1!
#773720023
0!
#773824027
1!
#773928031
0!
#774032035
1!
#774136500
0!
#774240504
1!
#774344507
0!
#774448511
1!
#774552515
0!
#774656519
1!
#774760523
0!
#774864527
1!
#774968531
0!
#775072535
1!
#775177000
0!
#775281004
1!
#775385007
0!
#775489011
1!
#775593015
0!
#775697019
1!
#775801023
0!
#775905027
1!
#776009031
0!
#776113035
1!
#776217500
0!
#776321504
1!
#776425507
0!
#776529511
1!
#776633515
0!
#776737519
1!
#776841523
0!
#776945527
1!
#777049531
0!
#777153535
1!
#777258000
0!
#777362004
1!
#777466007
0!
#777570011
1!
#777674015
0!
#777778019
1!
#777882023
0!
#777986027
1!
#778090031
0!
#778194035
1!
#778298500
0!
#778402504
1!
#778506507
0!
#778610511
1!
#778714515
0!
#778818519
1!
#778922523
0!
#779026527
1!
#779130531
0!
#779234535
1!
#779339000
0!
#779443004
1!
#779547007
0!
#779651011
1!
#779755015
0!
#779859019
1!
#779963023
0!
#780067027
1!
#780171031
0!
#780275035
1!
#780379500
0!
#780483504
1!
#780587507
0!
#780691511
1!
#780795515
0!
#780899519
1!
#781003523
0!
#781107527
1!
#781211531
0!
#781315535
1!
#781420000
0!
#781524004
1!
#781628007
0!
#781732011
1!
#781836015
0!
#781940019
1!
#782044023
0!
#782148027
1!
#782252031
0!
#782356035
1!
#782460500
0!
#782564504
1!
#782668507
0!
#782772511
1!
#782876515
0!
#782980519
1!
#783084523
0!
#783188527
1!
#783292531
0!
#783396535
1!
#783501000
0!
#783605004
1!
#783709007
0!
#783813011
1!
#783917015
0!
#784021019
1!
#784125023
0!
#784229027
1!
#784333031
0!
#784437035
1!
#784541500
0!
#784645504
1!
#784749507
0!
#784853511
1!
#784957515
0!
#785061519
1!
#785165523
0!
#785269527
1!
#785373531
0!
#785477535
1!
#785582000
0!
#785686004
1!
#785790007
0!
#785894011
1!
#785998015
0!
#786102019
1!
#786206023
0!
#786310027
1!
#786414031
0!
#786518035
1!
#786622500
0!
#786726504
1!
#786830507
0!
#786934511
1!
#787038515
0!
#787142519
1!
#787246523
0!
#787350527
1!
#787454531
0!
#787558535
1!
#787663000
0!
#787767004
1!
#787871007
0!
#787975011
1!
#788079015
0!
#788183019
1!
#788287023
0!
#788391027
1!
#788495031
0!
#788599035
1!
#788703500
0!
#788807504
1!
#788911507
0!
#789015511
1!
#789119515
0!
#789223519
1!
#789327523
0!
#789431527
1!
#789535531
0!
#789639535
1!
#789744000
0!
#789848004
1!
#789952007
0!
#790056011
1!
#790160015
0!
#790264019
1!
#790368023
0!
#790472027
1!
#790576031
0!
#790680035
1!
#790784500
0!
#790888504
1!
#790992507
0!
#791096511
1!
#791200515
0!
#791304519
1!
#791408523
0!
#791512527
1!
#791616531
0!
#791720535
1!
#791825000
0!
#791929004
1!
#792033007
0!
#792137011
1!
#792241015
0!
#792345019
1!
#792449023
0!
#792553027
1!
#792657031
0!
#792761035
1!
#792865500
0!
#792969504
1!
#793073507
0!
#793177511
1!
#793281515
0!
#793385519
1!
#793489523
0!
#793593527
1!
#793697531
0!
#793801535
1!
#793906000
0!
#794010004
1!
#794114007
0!
#794218011
1!
#794322015
0!
#794426019
1!
#794530023
0!
#794634027
1!
#794738031
0!
#794842035
1!
#794946500
0!
#795050504
1!
#795154507
0!
#795258511
1!
#795362515
0!
#795466519
1!
#795570523
0!
#795674527
1!
#795778531
0!
#795882535
1!
#795987000
0!
#796091004
1!
#796195007
0!
#796299011
1!
#796403015
0!
#796507019
1!
#796611023
0!
#796715027
1!
#796819031
0!
#796923035
1!
#797027500
0!
#797131504
1!
#797235507
0!
#797339511
1!
#797443515
0!
#797547519
1!
#797651523
0!
#797755527
1!
#797859531
0!
#797963535
1!
#798068000
0!
#798172004
1!
#798276007
0!
#798380011
1!
#798484015
0!
#798588019
1!
#798692023
0!
#798796027
1!
#798900031
0!
#799004035
1!
#799108500
0!
#799212504
1!
#799316507
0!
#799420511
1!
#799524515
0!
#799628519
1!
#799732523
0!
#799836527
1!
#799940531
0!
#800044535
1!
#800149000
0!
#800253004
1!
#800357007
0!
#800461011
1!
#800565015
0!
#800669019
1!
#800773023
0!
#800877027
1!
#800981031
0!
#801085035
1!
#801189500
0!
#801293504
1!
#801397507
0!
#801501511
1!
#801605515
0!
#801709519
1!
#801813523
0!
#801917527
1!
#802021531
0!
#802125535
1!
#802230000
0!
#802334004
1!
#802438007
0!
#802542011
1!
#802646015
0!
#802750019
1!
#802854023
0!
#802958027
1!
#803062031
0!
#803166035
1!
#803270500
0!
#803374504
1!
#803478507
0!
#803582511
1!
#803686515
0!
#803790519
1!
#803894523
0!
#803998527
1!
#804102531
0!
#804206535
1!
#804311000
0!
#804415004
1!
#804519007
0!
#804623011
1!
#804727015
0!
#804831019
1!
#804935023
0!
#805039027
1!
#805143031
0!
#805247035
1!
#805351500
0!
#805455504
1!
#805559507
0!
#805663511
1!
#805767515
0!
#805871519
1!
#805975523
0!
#806079527
1!
#806183531
0!
#806287535
1!
#806392000
0!
#806496004
1!
#806600007
0!
#806704011
1!
#806808015
0!
#806912019
1!
#807016023
0!
#807120027
1!
#807224031
0!
#807328035
1!
#807432500
0!
#807536504
1!
#807640507
0!
#807744511
1!
#807848515
0!
#807952519
1!
#808056523
0!
#808160527
1!
#808264531
0!
#808368535
1!
#808473000
0!
#808577004
1!
#808681007
0!
#808785011
1!
#808889015
0!
#808993019
1!
#809097023
0!
#809201027
1!
#809305031
0!
#809409035
1!
#809513500
0!
#809617504
1!
#809721507
0!
#809825511
1!
#809929515
0!
#810033519
1!
#810137523
0!
#810241527
1!
#810345531
0!
#810449535
1!
#810554000
0!
#810658004
1!
#810762007
0!
#810866011
1!
#810970015
0!
#811074019
1!
#811178023
0!
#811282027
1!
#811386031
0!
#811490035
1!
#811594500
0!
#811698504
1!
#811802507
0!
#811906511
1!
#812010515
0!
#812114519
1!
#812218523
0!
#812322527
1!
#812426531
0!
#812530535
1!
#812635000
0!
#812739004
1!
#812843007
0!
#812947011
1!
#813051015
0!
#813155019
1!
#813259023
0!
#813363027
1!
#813467031
0!
#813571035
1!
#813675500
0!
#813779504
1!
#813883507
0!
#813987511
1!
#814091515
0!
#814195519
1!
#814299523
0!
#814403527
1!
#814507531
0!
#814611535
1!
#814716000
0!
#814820004
1!
#814924007
0!
#815028011
1!
#815132015
0!
#815236019
1!
#815340023
0!
#815444027
1!
#815548031
0!
#815652035
1!
#815756500
0!
#815860504
1!
#815964507
0!
#816068511
1!
#816172515
0!
#816276519
1!
#816380523
0!
#816484527
1!
#816588531
0!
#816692535
1!
#816797000
0!
#816901004
1!
#817005007
0!
#817109011
1!
#817213015
0!
#817317019
1!
#817421023
0!
#817525027
1!
#817629031
0!
#817733035
1!
#817837500
0!
#817941504
1!
#818045507
0!
#818149511
1!
#818253515
0!
#818357519
1!
#818461523
0!
#818565527
1!
#818669531
0!
#818773535
1!
#818878000
0!
#818982004
1!
#819086007
0!
#819190011
1!
#819294015
0!
#819398019
1!
#819502023
0!
#819606027
1!
#819710031
0!
#819814035
1!
#819918500
0!
#820022504
1!
#820126507
0!
#820230511
1!
#820334515
0!
#820438519
1!
#820542523
0!
#820646527
1!
#820750531
0!
#820854535
1!
#820959000
0!
#821063004
1!
#821167007
0!
#821271011
1!
#821375015
0!
#821479019
1!
#821583023
0!
#821687027
1!
#821791031
0!
#821895035
1!
#821999500
0!
#822103504
1!
#822207507
0!
#822311511
1!
#822415515
0!
#822519519
1!
#822623523
0!
#822727527
1!
#822831531
0!
#822935535
1!
#823040000
0!
#823144004
1!
#823248007
0!
#823352011
1!
#823456015
0!
#823560019
1!
#823664023
0!
#823768027
1!
#823872031
0!
#823976035
1!
#824080500
0!
#824184504
1!
#824288507
0!
#824392511
1!
#824496515
0!
#824600519
1!
#824704523
0!
#824808527
1!
#824912531
0!
#825016535
1!
#825121000
0!
#825225004
1!
#825329007
0!
#825433011
1!
#825537015
0!
#825641019
1!
#825745023
0!
#825849027
1!
#825953031
0!
#826057035
1!
#826161500
0!
#826265504
1!
#826369507
0!
#826473511
1!
#826577515
0!
#826681519
1!
#826785523
0!
#826889527
1!
#826993531
0!
#827097535
1!
#827202000
0!
#827306004
1!
#827410007
0!
#827514011
1!
#827618015
0!
#827722019
1!
#827826023
0!
#827930027
1!
#828034031
0!
#828138035
1!
#828242500
0!
#828346504
1!
#828450507
0!
#828554511
1!
#828658515
0!
#828762519
1!
#828866523
0!
#828970527
1!
#829074531
0!
#829178535
1!
#829283000
0!
#829387004
1!
#829491007
0!
#829595011
1!
#829699015
0!
#829803019
1!
#829907023
0!
#830011027
1!
#830115031
0!
#830219035
1!
#830323500
0!
#830427504
1!
#830531507
0!
#830635511
1!
#830739515
0!
#830843519
1!
#830947523
0!
#831051527
1!
#831155531
0!
#831259535
1!
#831364000
0!
#831468004
1!
#831572007
0!
#831676011
1!
#831780015
0!
#831884019
1!
#831988023
0!
#832092027
1!
#832196031
0!
#832300035
1!
#832404500
0!
#832508504
1!
#832612507
0!
#832716511
1!
#832820515
0!
#832924519
1!
#833028523
0!
#833132527
1!
#833236531
0!
#833340535
1!
#833445000
0!
#833549004
1!
#833653007
0!
#833757011
1!
#833861015
0!
#833965019
1!
#834069023
0!
#834173027
1!
#834277031
0!
#834381035
1!
#834485500
0!
#834589504
1!
#834693507
0!
#834797511
1!
#834901515
0!
#835005519
1!
#835109523
0!
#835213527
1!
#835317531
0!
#835421535
1!
#835526000
0!
#835630004
1!
#835734007
0!
#835838011
1!
#835942015
0!
#836046019
1!
#836150023
0!
#836254027
1!
#836358031
0!
#836462035
1!
#836566500
0!
#836670504
1!
#836774507
0!
#836878511
1!
#836982515
0!
#837086519
1!
#837190523
0!
#837294527
1!
#837398531
0!
#837502535
1!
#837607000
0!
#837711004
1!
#837815007
0!
#837919011
1!
#838023015
0!
#838127019
1!
#838231023
0!
#838335027
1!
#838439031
0!
#838543035
1!
#838647500
0!
#838751504
1!
#838855507
0!
#838959511
1!
#839063515
0!
#839167519
1!
#839271523
0!
#839375527
1!
#839479531
0!
#839583535
1!
#839688000
0!
#839792004
1!
#839896007
0!
#840000011
1!
#840104015
0!
#840208019
1!
#840312023
0!
#840416027
1!
#840520031
0!
#840624035
1!
#840728500
0!
#840832504
1!
#840936507
0!
#841040511
1!
#841144515
0!
#841248519
1!
#841352523
0!
#841456527
1!
#841560531
0!
#841664535
1!
#841769000
0!
#841873004
1!
#841977007
0!
#842081011
1!
#842185015
0!
#842289019
1!
#842393023
0!
#842497027
1!
#842601031
0!
#842705035
1!
#842809500
0!
#842913504
1!
#843017507
0!
#843121511
1!
#843225515
0!
#843329519
1!
#843433523
0!
#843537527
1!
#843641531
0!
#843745535
1!
#843850000
0!
#843954004
1!
#844058007
0!
#844162011
1!
#844266015
0!
#844370019
1!
#844474023
0!
#844578027
1!
#844682031
0!
#844786035
1!
#844890500
0!
#844994504
1!
#845098507
0!
#845202511
1!
#845306515
0!
#845410519
1!
#845514523
0!
#845618527
1!
#845722531
0!
#845826535
1!
#845931000
0!
#846035004
1!
#846139007
0!
#846243011
1!
#846347015
0!
#846451019
1!
#846555023
0!
#846659027
1!
#846763031
0!
#846867035
1!
#846971500
0!
#847075504
1!
#847179507
0!
#847283511
1!
#847387515
0!
#847491519
1!
#847595523
0!
#847699527
1!
#847803531
0!
#847907535
1!
#848012000
0!
#848116004
1!
#848220008
0!
#848324011
1!
#848428015
0!
#848532019
1!
#848636023
0!
#848740027
1!
#848844031
0!
#848948035
1!
#849052500
0!
#849156504
1!
#849260508
0!
#849364511
1!
#849468515
0!
#849572519
1!
#849676523
0!
#849780527
1!
#849884531
0!
#849988535
1!
#850093000
0!
#850197004
1!
#850301008
0!
#850405011
1!
#850509015
0!
#850613019
1!
#850717023
0!
#850821027
1!
#850925031
0!
#851029035
1!
#851133500
0!
#851237504
1!
#851341508
0!
#851445511
1!
#851549515
0!
#851653519
1!
#851757523
0!
#851861527
1!
#851965531
0!
#852069535
1!
#852174000
0!
#852278004
1!
#852382008
0!
#852486011
1!
#852590015
0!
#852694019
1!
#852798023
0!
#852902027
1!
#853006031
0!
#853110035
1!
#853214500
0!
#853318504
1!
#853422508
0!
#853526511
1!
#853630515
0!
#853734519
1!
#853838523
0!
#853942527
1!
#854046531
0!
#854150535
1!
#854255000
0!
#854359004
1!
#854463008
0!
#854567011
1!
#854671015
0!
#854775019
1!
#854879023
0!
#854983027
1!
#855087031
0!
#855191035
1!
#855295500
0!
#855399504
1!
#855503508
0!
#855607511
1!
#855711515
0!
#855815519
1!
#855919523
0!
#856023527
1!
#856127531
0!
#856231535
1!
#856336000
0!
#856440004
1!
#856544008
0!
#856648011
1!
#856752015
0!
#856856019
1!
#856960023
0!
#857064027
1!
#857168031
0!
#857272035
1!
#857376500
0!
#857480504
1!
#857584508
0!
#857688511
1!
#857792515
0!
#857896519
1!
#858000523
0!
#858104527
1!
#858208531
0!
#858312535
1!
#858417000
0!
#858521004
1!
#858625008
0!
#858729011
1!
#858833015
0!
#858937019
1!
#859041023
0!
#859145027
1!
#859249031
0!
#859353035
1!
#859457500
0!
#859561504
1!
#859665508
0!
#859769511
1!
#859873515
0!
#859977519
1!
#860081523
0!
#860185527
1!
#860289531
0!
#860393535
1!
#860498000
0!
#860602004
1!
#860706008
0!
#860810011
1!
#860914015
0!
#861018019
1!
#861122023
0!
#861226027
1!
#861330031
0!
#861434035
1!
#861538500
0!
#861642504
1!
#861746508
0!
#861850511
1!
#861954515
0!
#862058519
1!
#862162523
0!
#862266527
1!
#862370531
0!
#862474535
1!
#862579000
0!
#862683004
1!
#862787008
0!
#862891011
1!
#862995015
0!
#863099019
1!
#863203023
0!
#863307027
1!
#863411031
0!
#863515035
1!
#863619500
0!
#863723504
1!
#863827508
0!
#863931511
1!
#864035515
0!
#864139519
1!
#864243523
0!
#864347527
1!
#864451531
0!
#864555535
1!
#864660000
0!
#864764004
1!
#864868008
0!
#864972011
1!
#865076015
0!
#865180019
1!
#865284023
0!
#865388027
1!
#865492031
0!
#865596035
1!
#865700500
0!
#865804504
1!
#865908508
0!
#866012511
1!
#866116515
0!
#866220519
1!
#866324523
0!
#866428527
1!
#866532531
0!
#866636535
1!
#866741000
0!
#866845004
1!
#866949008
0!
#867053011
1!
#867157015
0!
#867261019
1!
#867365023
0!
#867469027
1!
#867573031
0!
#867677035
1!
#867781500
0!
#867885504
1!
#867989508
0!
#868093511
1!
#868197515
0!
#868301519
1!
#868405523
0!
#868509527
1!
#868613531
0!
#868717535
1!
#868822000
0!
#868926004
1!
#869030008
0!
#869134011
1!
#869238015
0!
#869342019
1!
#869446023
0!
#869550027
1!
#869654031
0!
#869758035
1!
#869862500
0!
#869966504
1!
#870070508
0!
#870174511
1!
#870278515
0!
#870382519
1!
#870486523
0!
#870590527
1!
#870694531
0!
#870798535
1!
#870903000
0!
#871007004
1!
#871111008
0!
#871215011
1!
#871319015
0!
#871423019
1!
#871527023
0!
#871631027
1!
#871735031
0!
#871839035
1!
#871943500
0!
#872047504
1!
#872151508
0!
#872255511
1!
#872359515
0!
#872463519
1!
#872567523
0!
#872671527
1!
#872775531
0!
#872879535
1!
#872984000
0!
#873088004
1!
#873192008
0!
#873296011
1!
#873400015
0!
#873504019
1!
#873608023
0!
#873712027
1!
#873816031
0!
#873920035
1!
#874024500
0!
#874128504
1!
#874232508
0!
#874336511
1!
#874440515
0!
#874544519
1!
#874648523
0!
#874752527
1!
#874856531
0!
#874960535
1!
#875065000
0!
#875169004
1!
#875273008
0!
#875377011
1!
#875481015
0!
#875585019
1!
#875689023
0!
#875793027
1!
#875897031
0!
#876001035
1!
#876105500
0!
#876209504
1!
#876313508
0!
#876417511
1!
#876521515
0!
#876625519
1!
#876729523
0!
#876833527
1!
#876937531
0!
#877041535
1!
#877146000
0!
#877250004
1!
#877354008
0!
#877458011
1!
#877562015
0!
#877666019
1!
#877770023
0!
#877874027
1!
#877978031
0!
#878082035
1!
#878186500
0!
#878290504
1!
#878394508
0!
#878498511
1!
#878602515
0!
#878706519
1!
#878810523
0!
#878914527
1!
#879018531
0!
#879122535
1!
#879227000
0!
#879331004
1!
#879435008
0!
#879539011
1!
#879643015
0!
#879747019
1!
#879851023
0!
#879955027
1!
#880059031
0!
#880163035
1!
#880267500
0!
#880371504
1!
#880475508
0!
#880579511
1!
#880683515
0!
#880787519
1!
#880891523
0!
#880995527
1!
#881099531
0!
#881203535
1!
#881308000
0!
#881412004
1!
#881516008
0!
#881620011
1!
#881724015
0!
#881828019
1!
#881932023
0!
#882036027
1!
#882140031
0!
#882244035
1!
#882348500
0!
#882452504
1!
#882556508
0!
#882660511
1!
#882764515
0!
#882868519
1!
#882972523
0!
#883076527
1!
#883180531
0!
#883284535
1!
#883389000
0!
#883493004
1!
#883597008
0!
#883701011
1!
#883805015
0!
#883909019
1!
#884013023
0!
#884117027
1!
#884221031
0!
#884325035
1!
#884429500
0!
#884533504
1!
#884637508
0!
#884741511
1!
#884845515
0!
#884949519
1!
#885053523
0!
#885157527
1!
#885261531
0!
#885365535
1!
#885470000
0!
#885574004
1!
#885678008
0!
#885782011
1!
#885886015
0!
#885990019
1!
#886094023
0!
#886198027
1!
#886302031
0!
#886406035
1!
#886510500
0!
#886614504
1!
#886718508
0!
#886822511
1!
#886926515
0!
#887030519
1!
#887134523
0!
#887238527
1!
#887342531
0!
#887446535
1!
#887551000
0!
#887655004
1!
#887759008
0!
#887863011
1!
#887967015
0!
#888071019
1!
#888175023
0!
#888279027
1!
#888383031
0!
#888487035
1!
#888591500
0!
#888695504
1!
#888799508
0!
#888903511
1!
#889007515
0!
#889111519
1!
#889215523
0!
#889319527
1!
#889423531
0!
#889527535
1!
#889632000
0!
#889736004
1!
#889840008
0!
#889944011
1!
#890048015
0!
#890152019
1!
#890256023
0!
#890360027
1!
#890464031
0!
#890568035
1!
#890672500
0!
#890776504
1!
#890880508
0!
#890984511
1!
#891088515
0!
#891192519
1!
#891296523
0!
#891400527
1!
#891504531
0!
#891608535
1!
#891713000
0!
#891817004
1!
#891921008
0!
#892025011
1!
#892129015
0!
#892233019
1!
#892337023
0!
#892441027
1!
#892545031
0!
#892649035
1!
#892753500
0!
#892857504
1!
#892961508
0!
#893065511
1!
#893169515
0!
#893273519
1!
#893377523
0!
#893481527
1!
#893585531
0!
#893689535
1!
#893794000
0!
#893898004
1!
#894002008
0!
#894106011
1!
#894210015
0!
#894314019
1!
#894418023
0!
#894522027
1!
#894626031
0!
#894730035
1!
#894834500
0!
#894938504
1!
#895042508
0!
#895146511
1!
#895250515
0!
#895354519
1!
#895458523
0!
#895562527
1!
#895666531
0!
#895770535
1!
#895875000
0!
#895979004
1!
#896083008
0!
#896187011
1!
#896291015
0!
#896395019
1!
#896499023
0!
#896603027
1!
#896707031
0!
#896811035
1!
#896915500
0!
#897019504
1!
#897123508
0!
#897227511
1!
#897331515
0!
#897435519
1!
#897539523
0!
#897643527
1!
#897747531
0!
#897851535
1!
#897956000
0!
#898060004
1!
#898164008
0!
#898268011
1!
#898372015
0!
#898476019
1!
#898580023
0!
#898684027
1!
#898788031
0!
#898892035
1!
#898996500
0!
#899100504
1!
#899204508
0!
#899308511
1!
#899412515
0!
#899516519
1!
#899620523
0!
#899724527
1!
#899828531
0!
#899932535
1!
#900037000
0!
#900141004
1!
#900245008
0!
#900349011
1!
#900453015
0!
#900557019
1!
#900661023
0!
#900765027
1!
#900869031
0!
#900973035
1!
#901077500
0!
#901181504
1!
#901285508
0!
#901389511
1!
#901493515
0!
#901597519
1!
#901701523
0!
#901805527
1!
#901909531
0!
#902013535
1!
#902118000
0!
#902222004
1!
#902326008
0!
#902430011
1!
#902534015
0!
#902638019
1!
#902742023
0!
#902846027
1!
#902950031
0!
#903054035
1!
#903158500
0!
#903262504
1!
#903366508
0!
#903470511
1!
#903574515
0!
#903678519
1!
#903782523
0!
#903886527
1!
#903990531
0!
#904094535
1!
#904199000
0!
#904303004
1!
#904407008
0!
#904511011
1!
#904615015
0!
#904719019
1!
#904823023
0!
#904927027
1!
#905031031
0!
#905135035
1!
#905239500
0!
#905343504
1!
#905447508
0!
#905551511
1!
#905655515
0!
#905759519
1!
#905863523
0!
#905967527
1!
#906071531
0!
#906175535
1!
#906280000
0!
#906384004
1!
#906488008
0!
#906592011
1!
#906696015
0!
#906800019
1!
#906904023
0!
#907008027
1!
#907112031
0!
#907216035
1!
#907320500
0!
#907424504
1!
#907528508
0!
#907632511
1!
#907736515
0!
#907840519
1!
#907944523
0!
#908048527
1!
#908152531
0!
#908256535
1!
#908361000
0!
#908465004
1!
#908569008
0!
#908673011
1!
#908777015
0!
#908881019
1!
#908985023
0!
#909089027
1!
#909193031
0!
#909297035
1!
#909401500
0!
#909505504
1!
#909609508
0!
#909713511
1!
#909817515
0!
#909921519
1!
#910025523
0!
#910129527
1!
#910233531
0!
#910337535
1!
#910442000
0!
#910546004
1!
#910650008
0!
#910754011
1!
#910858015
0!
#910962019
1!
#911066023
0!
#911170027
1!
#911274031
0!
#911378035
1!
#911482500
0!
#911586504
1!
#911690508
0!
#911794511
1!
#911898515
0!
#912002519
1!
#912106523
0!
#912210527
1!
#912314531
0!
#912418535
1!
#912523000
0!
#912627004
1!
#912731008
0!
#912835011
1!
#912939015
0!
#913043019
1!
#913147023
0!
#913251027
1!
#913355031
0!
#913459035
1!
#913563500
0!
#913667504
1!
#913771508
0!
#913875511
1!
#913979515
0!
#914083519
1!
#914187523
0!
#914291527
1!
#914395531
0!
#914499535
1!
#914604000
0!
#914708004
1!
#914812008
0!
#914916011
1!
#915020015
0!
#915124019
1!
#915228023
0!
#915332027
1!
#915436031
0!
#915540035
1!
#915644500
0!
#915748504
1!
#915852508
0!
#915956511
1!
#916060515
0!
#916164519
1!
#916268523
0!
#916372527
1!
#916476531
0!
#916580535
1!
#916685000
0!
#916789004
1!
#916893008
0!
#916997011
1!
#917101015
0!
#917205019
1!
#917309023
0!
#917413027
1!
#917517031
0!
#917621035
1!
#917725500
0!
#917829504
1!
#917933508
0!
#918037511
1!
#918141515
0!
#918245519
1!
#918349523
0!
#918453527
1!
#918557531
0!
#918661535
1!
#918766000
0!
#918870004
1!
#918974008
0!
#919078011
1!
#919182015
0!
#919286019
1!
#919390023
0!
#919494027
1!
#919598031
0!
#919702035
1!
#919806500
0!
#919910504
1!
#920014508
0!
#920118511
1!
#920222515
0!
#920326519
1!
#920430523
0!
#920534527
1!
#920638531
0!
#920742535
1!
#920847000
0!
#920951004
1!
#921055008
0!
#921159011
1!
#921263015
0!
#921367019
1!
#921471023
0!
#921575027
1!
#921679031
0!
#921783035
1!
#921887500
0!
#921991504
1!
#922095508
0!
#922199511
1!
#922303515
0!
#922407519
1!
#922511523
0!
#922615527
1!
#922719531
0!
#922823535
1!
#922928000
0!
#923032004
1!
#923136008
0!
#923240011
1!
#923344015
0!
#923448019
1!
#923552023
0!
#923656027
1!
#923760031
0!
#923864035
1!
#923968500
0!
#924072504
1!
#924176508
0!
#924280511
1!
#924384515
0!
#924488519
1!
#924592523
0!
#924696527
1!
#924800531
0!
#924904535
1!
#925009000
0!
#925113004
1!
#925217008
0!
#925321011
1!
#925425015
0!
#925529019
1!
#925633023
0!
#925737027
1!
#925841031
0!
#925945035
1!
#926049500
0!
#926153504
1!
#926257508
0!
#926361511
1!
#926465515
0!
#926569519
1!
#926673523
0!
#926777527
1!
#926881531
0!
#926985535
1!
#927090000
0!
#927194004
1!
#927298008
0!
#927402011
1!
#927506015
0!
#927610019
1!
#927714023
0!
#927818027
1!
#927922031
0!
#928026035
1!
#928130500
0!
#928234504
1!
#928338508
0!
#928442511
1!
#928546515
0!
#928650519
1!
#928754523
0!
#928858527
1!
#928962531
0!
#929066535
1!
#929171000
0!
#929275004
1!
#929379008
0!
#929483011
1!
#929587015
0!
#929691019
1!
#929795023
0!
#929899027
1!
#930003031
0!
#930107035
1!
#930211500
0!
#930315504
1!
#930419508
0!
#930523511
1!
#930627515
0!
#930731519
1!
#930835523
0!
#930939527
1!
#931043531
0!
#931147535
1!
#931252000
0!
#931356004
1!
#931460008
0!
#931564011
1!
#931668015
0!
#931772019
1!
#931876023
0!
#931980027
1!
#932084031
0!
#932188035
1!
#932292500
0!
#932396504
1!
#932500508
0!
#932604511
1!
#932708515
0!
#932812519
1!
#932916523
0!
#933020527
1!
#933124531
0!
#933228535
1!
#933333000
0!
#933437004
1!
#933541008
0!
#933645011
1!
#933749015
0!
#933853019
1!
#933957023
0!
#934061027
1!
#934165031
0!
#934269035
1!
#934373500
0!
#934477504
1!
#934581508
0!
#934685511
1!
#934789515
0!
#934893519
1!
#934997523
0!
#935101527
1!
#935205531
0!
#935309535
1!
#935414000
0!
#935518004
1!
#935622008
0!
#935726011
1!
#935830015
0!
#935934019
1!
#936038023
0!
#936142027
1!
#936246031
0!
#936350035
1!
#936454500
0!
#936558504
1!
#936662508
0!
#936766511
1!
#936870515
0!
#936974519
1!
#937078523
0!
#937182527
1!
#937286531
0!
#937390535
1!
#937495000
0!
#937599004
1!
#937703008
0!
#937807011
1!
#937911015
0!
#938015019
1!
#938119023
0!
#938223027
1!
#938327031
0!
#938431035
1!
#938535500
0!
#938639504
1!
#938743508
0!
#938847511
1!
#938951515
0!
#939055519
1!
#939159523
0!
#939263527
1!
#939367531
0!
#939471535
1!
#939576000
0!
#939680004
1!
#939784008
0!
#939888011
1!
#939992015
0!
#940096019
1!
#940200023
0!
#940304027
1!
#940408031
0!
#940512035
1!
#940616500
0!
#940720504
1!
#940824508
0!
#940928511
1!
#941032515
0!
#941136519
1!
#941240523
0!
#941344527
1!
#941448531
0!
#941552535
1!
#941657000
0!
#941761004
1!
#941865008
0!
#941969011
1!
#942073015
0!
#942177019
1!
#942281023
0!
#942385027
1!
#942489031
0!
#942593035
1!
#942697500
0!
#942801504
1!
#942905508
0!
#943009511
1!
#943113515
0!
#943217519
1!
#943321523
0!
#943425527
1!
#943529531
0!
#943633535
1!
#943738000
0!
#943842004
1!
#943946008
0!
#944050011
1!
#944154015
0!
#944258019
1!
#944362023
0!
#944466027
1!
#944570031
0!
#944674035
1!
#944778500
0!
#944882504
1!
#944986508
0!
#945090511
1!
#945194515
0!
#945298519
1!
#945402523
0!
#945506527
1!
#945610531
0!
#945714535
1!
#945819000
0!
#945923004
1!
#946027008
0!
#946131011
1!
#946235015
0!
#946339019
1!
#946443023
0!
#946547027
1!
#946651031
0!
#946755035
1!
#946859500
0!
#946963504
1!
#947067508
0!
#947171511
1!
#947275515
0!
#947379519
1!
#947483523
0!
#947587527
1!
#947691531
0!
#947795535
1!
#947900000
0!
#948004004
1!
#948108008
0!
#948212011
1!
#948316015
0!
#948420019
1!
#948524023
0!
#948628027
1!
#948732031
0!
#948836035
1!
#948940500
0!
#949044504
1!
#949148508
0!
#949252511
1!
#949356515
0!
#949460519
1!
#949564523
0!
#949668527
1!
#949772531
0!
#949876535
1!
#949981000
0!
#950085004
1!
#950189008
0!
#950293011
1!
#950397015
0!
#950501019
1!
#950605023
0!
#950709027
1!
#950813031
0!
#950917035
1!
#951021500
0!
#951125504
1!
#951229508
0!
#951333511
1!
#951437515
0!
#951541519
1!
#951645523
0!
#951749527
1!
#951853531
0!
#951957535
1!
#952062000
0!
#952166004
1!
#952270008
0!
#952374011
1!
#952478015
0!
#952582019
1!
#952686023
0!
#952790027
1!
#952894031
0!
#952998035
1!
#953102500
0!
#953206504
1!
#953310508
0!
#953414511
1!
#953518515
0!
#953622519
1!
#953726523
0!
#953830527
1!
#953934531
0!
#954038535
1!
#954143000
0!
#954247004
1!
#954351008
0!
#954455011
1!
#954559015
0!
#954663019
1!
#954767023
0!
#954871027
1!
#954975031
0!
#955079035
1!
#955183500
0!
#955287504
1!
#955391508
0!
#955495511
1!
#955599515
0!
#955703519
1!
#955807523
0!
#955911527
1!
#956015531
0!
#956119535
1!
#956224000
0!
#956328004
1!
#956432008
0!
#956536011
1!
#956640015
0!
#956744019
1!
#956848023
0!
#956952027
1!
#957056031
0!
#957160035
1!
#957264500
0!
#957368504
1!
#957472508
0!
#957576511
1!
#957680515
0!
#957784519
1!
#957888523
0!
#957992527
1!
#958096531
0!
#958200535
1!
#958305000
0!
#958409004
1!
#958513008
0!
#958617011
1!
#958721015
0!
#958825019
1!
#958929023
0!
#959033027
1!
#959137031
0!
#959241035
1!
#959345500
0!
#959449504
1!
#959553508
0!
#959657511
1!
#959761515
0!
#959865519
1!
#959969523
0!
#960073527
1!
#960177531
0!
#960281535
1!
#960386000
0!
#960490004
1!
#960594008
0!
#960698011
1!
#960802015
0!
#960906019
1!
#961010023
0!
#961114027
1!
#961218031
0!
#961322035
1!
#961426500
0!
#961530504
1!
#961634508
0!
#961738511
1!
#961842515
0!
#961946519
1!
#962050523
0!
#962154527
1!
#962258531
0!
#962362535
1!
#962467000
0!
#962571004
1!
#962675008
0!
#962779011
1!
#962883015
0!
#962987019
1!
#963091023
0!
#963195027
1!
#963299031
0!
#963403035
1!
#963507500
0!
#963611504
1!
#963715508
0!
#963819511
1!
#963923515
0!
#964027519
1!
#964131523
0!
#964235527
1!
#964339531
0!
#964443535
1!
#964548000
0!
#964652004
1!
#964756008
0!
#964860011
1!
#964964015
0!
#965068019
1!
#965172023
0!
#965276027
1!
#965380031
0!
#965484035
1!
#965588500
0!
#965692504
1!
#965796508
0!
#965900511
1!
#966004515
0!
#966108519
1!
#966212523
0!
#966316527
1!
#966420531
0!
#966524535
1!
#966629000
0!
#966733004
1!
#966837008
0!
#966941011
1!
#967045015
0!
#967149019
1!
#967253023
0!
#967357027
1!
#967461031
0!
#967565035
1!
#967669500
0!
#967773504
1!
#967877508
0!
#967981511
1!
#968085515
0!
#968189519
1!
#968293523
0!
#968397527
1!
#968501531
0!
#968605535
1!
#968710000
0!
#968814004
1!
#968918008
0!
#969022011
1!
#969126015
0!
#969230019
1!
#969334023
0!
#969438027
1!
#969542031
0!
#969646035
1!
#969750500
0!
#969854504
1!
#969958508
0!
#970062511
1!
#970166515
0!
#970270519
1!
#970374523
0!
#970478527
1!
#970582531
0!
#970686535
1!
#970791000
0!
#970895004
1!
#970999008
0!
#971103011
1!
#971207015
0!
#971311019
1!
#971415023
0!
#971519027
1!
#971623031
0!
#971727035
1!
#971831500
0!
#971935504
1!
#972039508
0!
#972143511
1!
#972247515
0!
#972351519
1!
#972455523
0!
#972559527
1!
#972663531
0!
#972767535
1!
#972872000
0!
#972976004
1!
#973080008
0!
#973184011
1!
#973288015
0!
#973392019
1!
#973496023
0!
#973600027
1!
#973704031
0!
#973808035
1!
#973912500
0!
#974016504
1!
#974120508
0!
#974224511
1!
#974328515
0!
#974432519
1!
#974536523
0!
#974640527
1!
#974744531
0!
#974848535
1!
#974953000
0!
#975057004
1!
#975161007
0!
#975265011
1!
#975369015
0!
#975473019
1!
#975577023
0!
#975681027
1!
#975785031
0!
#975889035
1!
#975993500
0!
#976097504
1!
#976201507
0!
#976305511
1!
#976409515
0!
#976513519
1!
#976617523
0!
#976721527
1!
#976825531
0!
#976929535
1!
#977034000
0!
#977138004
1!
#977242007
0!
#977346011
1!
#977450015
0!
#977554019
1!
#977658023
0!
#977762027
1!
#977866031
0!
#977970035
1!
#978074500
0!
#978178504
1!
#978282507
0!
#978386511
1!
#978490515
0!
#978594519
1!
#978698523
0!
#978802527
1!
#978906531
0!
#979010535
1!
#979115000
0!
#979219004
1!
#979323007
0!
#979427011
1!
#979531015
0!
#979635019
1!
#979739023
0!
#979843027
1!
#979947031
0!
#980051035
1!
#980155500
0!
#980259504
1!
#980363507
0!
#980467511
1!
#980571515
0!
#980675519
1!
#980779523
0!
#980883527
1!
#980987531
0!
#981091535
1!
#981196000
0!
#981300004
1!
#981404007
0!
#981508011
1!
#981612015
0!
#981716019
1!
#981820023
0!
#981924027
1!
#982028031
0!
#982132035
1!
#982236500
0!
#982340504
1!
#982444507
0!
#982548511
1!
#982652515
0!
#982756519
1!
#982836437
1!
